Non-Dominant Set,Risk,Profit,TrendRaio,# of Portfolio,Portfolio{%}
1,40203.63502995789895066991,293.42198429477878107718,0.00729839438837145537,11,MSFT{10.8991825613%} UNH{2.1798365123%} JNJ{17.3024523161%} HD{4.3596730245%} MRK{13.0790190736%} KO{15.1226158038%} CRM{4.2234332425%} INTC{0.1362397820%} BA{6.6757493188%} TRV{8.7193460490%} WBA{17.3024523161%} 
2,40434.51228639205510262400,529.45901238294197810319,0.01309423515814552366,12,MSFT{10.8401084011%} UNH{2.1680216802%} JNJ{17.2086720867%} CVX{0.5420054201%} HD{4.3360433604%} MRK{13.0081300813%} KO{15.0406504065%} CRM{4.2005420054%} INTC{0.1355013550%} BA{6.6395663957%} TRV{8.6720867209%} WBA{17.2086720867%} 
3,40440.92671260283532319590,8524.15102688009937992319,0.21078030895428689906,10,MSFT{5.1685393258%} UNH{0.6741573034%} JNJ{28.5393258427%} PG{0.8988764045%} MRK{2.9213483146%} KO{6.9662921348%} CRM{3.1460674157%} BA{11.0112359551%} TRV{14.3820224719%} WBA{26.2921348315%} 
4,40456.28025542775867506862,8574.40515252192926709540,0.21194249936934220213,10,MSFT{4.7404063205%} UNH{0.6772009029%} JNJ{28.6681715576%} PG{0.9029345372%} MRK{2.9345372460%} KO{6.9977426637%} CRM{3.1602708804%} BA{11.0609480813%} TRV{14.4469525959%} WBA{26.4108352144%} 
5,40484.30851703757798532024,8856.44756266990589210764,0.21876247581066435299,9,MSFT{5.2154195011%} UNH{0.6802721088%} JNJ{28.7981859410%} MRK{2.9478458050%} KO{7.0294784580%} CRM{3.1746031746%} BA{11.1111111111%} TRV{14.5124716553%} WBA{26.5306122449%} 
6,40512.69242400321672903374,8965.02125943824648857117,0.22128919908879207679,9,MSFT{4.3478260870%} UNH{0.6864988558%} JNJ{29.0617848970%} MRK{2.9748283753%} KO{7.0938215103%} CRM{3.2036613272%} BA{11.2128146453%} TRV{14.6453089245%} WBA{26.7734553776%} 
7,40541.99691069763503037393,9000.59081546364905079827,0.22200659812809328542,9,MSFT{5.2391799544%} UNH{0.6833712984%} JNJ{28.9293849658%} MRK{2.9612756264%} KO{6.6059225513%} CRM{3.1890660592%} BA{11.1617312073%} TRV{14.5785876993%} WBA{26.6514806378%} 
8,40550.36683340612216852605,9148.39179401994442741852,0.22560564819559991712,9,MSFT{5.2511415525%} UNH{0.6849315068%} JNJ{28.9954337900%} MRK{2.9680365297%} KO{7.0776255708%} CRM{2.5114155251%} BA{11.1872146119%} TRV{14.6118721461%} WBA{26.7123287671%} 
9,40560.01700663415977032855,9175.55622470555135805625,0.22622170555808102099,9,MSFT{5.0343249428%} UNH{0.6864988558%} JNJ{29.0617848970%} MRK{2.9748283753%} KO{7.0938215103%} CRM{2.5171624714%} BA{11.2128146453%} TRV{14.6453089245%} WBA{26.7734553776%} 
10,40576.54290933754236903042,9220.01427967384370276704,0.22722522961787655627,9,MSFT{5.2631578947%} UNH{0.6864988558%} JNJ{29.0617848970%} MRK{2.9748283753%} KO{6.8649885584%} CRM{2.5171624714%} BA{11.2128146453%} TRV{14.6453089245%} WBA{26.7734553776%} 
11,40583.63712205044430447742,9245.36503171250660670921,0.22781016407938436963,9,MSFT{5.2631578947%} UNH{0.6864988558%} JNJ{29.0617848970%} MRK{2.9748283753%} KO{7.0938215103%} CRM{2.2883295195%} BA{11.2128146453%} TRV{14.6453089245%} WBA{26.7734553776%} 
12,40598.34665130365465302020,9275.57369072791516373400,0.22847171020029868882,9,MSFT{5.0458715596%} UNH{0.6880733945%} JNJ{29.1284403670%} MRK{2.9816513761%} KO{7.1100917431%} CRM{2.2935779817%} BA{11.2385321101%} TRV{14.6788990826%} WBA{26.8348623853%} 
13,40615.66753924220392946154,9292.77967381458074669354,0.22879790575486780302,9,MSFT{5.2631578947%} UNH{0.6864988558%} JNJ{29.0617848970%} MRK{2.9748283753%} KO{6.8649885584%} CRM{2.2883295195%} BA{11.2128146453%} TRV{14.8741418764%} WBA{26.7734553776%} 
14,40666.36288953059556661174,9375.51256720024866808672,0.23054711316742662608,9,MSFT{5.2995391705%} UNH{0.6912442396%} JNJ{29.2626728111%} MRK{2.9953917051%} KO{6.9124423963%} CRM{1.8433179724%} BA{11.2903225806%} TRV{14.9769585253%} WBA{26.7281105991%} 
15,40672.50913441552984295413,9674.80868317730164562818,0.23787095728969537278,9,MSFT{4.0723981900%} UNH{2.0361990950%} JNJ{28.7330316742%} MRK{2.9411764706%} KO{7.0135746606%} CRM{3.1674208145%} BA{11.0859728507%} TRV{14.4796380090%} WBA{26.4705882353%} 
16,40706.67925678866595262662,9698.19145273331378120929,0.23824570389430485551,10,MSFT{4.2505592841%} UNH{2.4608501119%} JNJ{28.4116331096%} PG{0.4474272931%} MRK{2.9082774049%} KO{6.9351230425%} CRM{3.1319910515%} BA{10.9619686801%} TRV{14.3176733781%} WBA{26.1744966443%} 
17,40726.78782234173559118062,9781.56706433102772280108,0.24017526515963272260,9,MSFT{4.9107142857%} UNH{2.4553571429%} JNJ{28.3482142857%} MRK{2.9017857143%} KO{6.9196428571%} CRM{3.1250000000%} BA{10.9375000000%} TRV{14.2857142857%} WBA{26.1160714286%} 
18,40727.82884344716148916632,9870.19440954396850429475,0.24234521431240049760,9,MSFT{4.2696629213%} UNH{2.4719101124%} JNJ{28.5393258427%} MRK{2.9213483146%} KO{6.9662921348%} CRM{3.1460674157%} BA{11.0112359551%} TRV{14.3820224719%} WBA{26.2921348315%} 
19,40734.09290536212938604876,9899.19988221082167001441,0.24302001532744862966,9,MSFT{4.0540540541%} UNH{2.4774774775%} JNJ{28.6036036036%} MRK{2.9279279279%} KO{6.9819819820%} CRM{3.1531531532%} BA{11.0360360360%} TRV{14.4144144144%} WBA{26.3513513514%} 
20,40771.55937188949610572308,9970.37278163697556010447,0.24454234606761654502,9,MSFT{4.1002277904%} UNH{2.0501138952%} JNJ{28.9293849658%} MRK{2.9612756264%} KO{7.0615034169%} CRM{2.5056947608%} BA{11.1617312073%} TRV{14.5785876993%} WBA{26.6514806378%} 
21,40800.43834067708667134866,10004.94486861975565261673,0.24521660245608339901,9,MSFT{5.1685393258%} UNH{2.4719101124%} JNJ{28.5393258427%} MRK{2.9213483146%} KO{6.9662921348%} CRM{2.2471910112%} BA{11.0112359551%} TRV{14.6067415730%} WBA{26.0674157303%} 
22,40812.80142216638341778889,10163.86610993661633983720,0.24903622774633607517,9,MSFT{4.2986425339%} UNH{2.4886877828%} JNJ{28.7330316742%} MRK{2.9411764706%} KO{7.0135746606%} CRM{2.4886877828%} BA{11.0859728507%} TRV{14.4796380090%} WBA{26.4705882353%} 
23,40828.77648763161414535716,10196.18059498641378013417,0.24973025087036770930,9,MSFT{4.0816326531%} UNH{2.4943310658%} JNJ{28.7981859410%} MRK{2.9478458050%} KO{7.0294784580%} CRM{2.4943310658%} BA{11.1111111111%} TRV{14.5124716553%} WBA{26.5306122449%} 
24,40841.30833604776125866920,10240.14847478101364686154,0.25073017716581696979,9,MSFT{4.3083900227%} UNH{2.4943310658%} JNJ{28.7981859410%} MRK{2.9478458050%} KO{6.8027210884%} CRM{2.4943310658%} BA{11.1111111111%} TRV{14.5124716553%} WBA{26.5306122449%} 
25,40854.23219070050981827080,10270.00062820902894600295,0.25138156018378798873,9,MSFT{4.0909090909%} UNH{2.5000000000%} JNJ{28.8636363636%} MRK{2.9545454545%} KO{6.8181818182%} CRM{2.5000000000%} BA{11.1363636364%} TRV{14.5454545455%} WBA{26.5909090909%} 
26,40868.00936301417095819488,10309.93670794325407769065,0.25227401257458403894,9,MSFT{4.2316258352%} UNH{3.3407572383%} JNJ{28.2850779510%} MRK{2.8953229399%} KO{6.9042316258%} CRM{3.1180400891%} BA{10.9131403118%} TRV{14.2538975501%} WBA{26.0579064588%} 
27,40880.72794028683711076155,10339.93102385989004687872,0.25292922961066383047,9,MSFT{4.3181818182%} UNH{2.5000000000%} JNJ{28.8636363636%} MRK{2.9545454545%} KO{6.8181818182%} CRM{2.2727272727%} BA{11.1363636364%} TRV{14.5454545455%} WBA{26.5909090909%} 
28,40893.71718928092013811693,10381.04313198431736964267,0.25385423105301369029,9,MSFT{4.2410714286%} UNH{3.3482142857%} JNJ{28.3482142857%} MRK{2.9017857143%} KO{6.6964285714%} CRM{3.1250000000%} BA{10.9375000000%} TRV{14.2857142857%} WBA{26.1160714286%} 
29,40923.47043559885059949011,10388.22122923592905863188,0.25384507029001468492,9,MSFT{5.1918735892%} UNH{2.4830699774%} JNJ{28.6681715576%} MRK{2.9345372460%} KO{6.7720090293%} CRM{1.8058690745%} BA{11.0609480813%} TRV{14.6726862302%} WBA{26.4108352144%} 
30,40925.28972915912891039625,10397.33458169737605203409,0.25405646851876312331,10,MSFT{4.2600896861%} UNH{3.1390134529%} JNJ{28.4753363229%} PG{0.4484304933%} MRK{2.9147982063%} KO{6.7264573991%} CRM{2.4663677130%} BA{10.9865470852%} TRV{14.3497757848%} WBA{26.2331838565%} 
31,40948.49153460175148211420,10605.99297191179721266963,0.25900814839417618529,9,MSFT{4.2600896861%} UNH{3.3632286996%} JNJ{28.4753363229%} MRK{2.9147982063%} KO{6.9506726457%} CRM{2.4663677130%} BA{10.9865470852%} TRV{14.3497757848%} WBA{26.2331838565%} 
32,40975.27868605128605850041,10678.72636665662139421329,0.26061388010258607073,9,MSFT{4.2696629213%} UNH{3.3707865169%} JNJ{28.5393258427%} MRK{2.9213483146%} KO{6.7415730337%} CRM{2.4719101124%} BA{11.0112359551%} TRV{14.3820224719%} WBA{26.2921348315%} 
33,40984.45490483108005719259,10703.90712171550330822356,0.26116992763648466669,9,MSFT{4.2696629213%} UNH{3.3707865169%} JNJ{28.5393258427%} MRK{2.9213483146%} KO{6.9662921348%} CRM{2.2471910112%} BA{11.0112359551%} TRV{14.3820224719%} WBA{26.2921348315%} 
34,41012.82287900051596807316,10738.31785865299934812356,0.26182830404856766160,9,MSFT{4.2792792793%} UNH{3.3783783784%} JNJ{28.3783783784%} MRK{2.9279279279%} KO{6.7567567568%} CRM{2.4774774775%} BA{11.0360360360%} TRV{14.4144144144%} WBA{26.3513513514%} 
35,41013.07966649847367079929,10750.60064935067566693760,0.26212614943257483979,9,MSFT{4.2696629213%} UNH{3.3707865169%} JNJ{28.5393258427%} MRK{2.9213483146%} KO{6.7415730337%} CRM{2.2471910112%} BA{11.0112359551%} TRV{14.6067415730%} WBA{26.2921348315%} 
36,41015.06024093849555356428,10779.60282392028238973580,0.26282060200805951178,9,MSFT{4.2792792793%} UNH{3.3783783784%} JNJ{28.6036036036%} MRK{2.9279279279%} KO{6.7567567568%} CRM{2.2522522523%} BA{11.0360360360%} TRV{14.4144144144%} WBA{26.3513513514%} 
37,41027.52244170342601137236,10826.83979462399111071136,0.26389211802901324511,9,MSFT{4.2410714286%} UNH{3.3482142857%} JNJ{28.3482142857%} MRK{2.9017857143%} KO{6.9196428571%} CRM{2.4553571429%} BA{10.9375000000%} TRV{14.2857142857%} WBA{26.5625000000%} 
38,41057.47466533142141997814,10873.20653881003454443999,0.26482891671833086455,9,MSFT{4.2410714286%} UNH{3.3482142857%} JNJ{28.3482142857%} MRK{2.9017857143%} KO{6.6964285714%} CRM{2.4553571429%} BA{10.9375000000%} TRV{14.5089285714%} WBA{26.5625000000%} 
39,41057.78085693813773104921,10878.08492902451871486846,0.26494575941471731895,9,MSFT{4.2889390519%} UNH{3.3860045147%} JNJ{28.6681715576%} MRK{2.9345372460%} KO{6.7720090293%} CRM{2.0316027088%} BA{11.0609480813%} TRV{14.4469525959%} WBA{26.4108352144%} 
40,41067.15975311469810549170,10902.43661431595501198899,0.26547822347244431906,9,MSFT{4.2505592841%} UNH{3.3557046980%} JNJ{28.4116331096%} MRK{2.9082774049%} KO{6.7114093960%} CRM{2.4608501119%} BA{10.9619686801%} TRV{14.3176733781%} WBA{26.6219239374%} 
41,41106.58965327694750158116,10946.35207188157255586702,0.26629190512302564064,9,MSFT{4.2600896861%} UNH{3.3632286996%} JNJ{28.0269058296%} MRK{2.9147982063%} KO{6.9506726457%} CRM{2.4663677130%} BA{10.9865470852%} TRV{14.3497757848%} WBA{26.6816143498%} 
42,41108.28633260320202680305,10973.37186348539580649231,0.26693819768357396338,9,MSFT{4.2505592841%} UNH{3.3557046980%} JNJ{28.4116331096%} MRK{2.9082774049%} KO{6.7114093960%} CRM{2.2371364653%} BA{10.9619686801%} TRV{14.5413870246%} WBA{26.6219239374%} 
43,41118.47949160813004709780,11003.10513138023452484049,0.26759513647935007086,9,MSFT{4.2600896861%} UNH{3.3632286996%} JNJ{28.4753363229%} MRK{2.9147982063%} KO{6.7264573991%} CRM{2.2421524664%} BA{10.9865470852%} TRV{14.3497757848%} WBA{26.6816143498%} 
44,41229.27502176182315452024,11042.92669284202929702587,0.26784188388016283433,9,MSFT{4.2696629213%} UNH{3.3707865169%} JNJ{27.6404494382%} MRK{3.3707865169%} KO{6.7415730337%} CRM{2.4719101124%} BA{11.0112359551%} TRV{14.3820224719%} WBA{26.7415730337%} 
45,41294.98255100411915918812,11155.45113560862409940455,0.27014059448579114120,9,MSFT{4.3478260870%} UNH{3.4324942792%} JNJ{27.2311212815%} MRK{2.9748283753%} KO{6.8649885584%} CRM{2.5171624714%} BA{11.2128146453%} TRV{14.6453089245%} WBA{26.7734553776%} 
46,41327.08493416705459821969,11287.45392630626884056255,0.27312485127578878252,9,MSFT{4.3478260870%} UNH{3.4324942792%} JNJ{29.0617848970%} MRK{2.9748283753%} KO{5.0343249428%} CRM{2.5171624714%} BA{11.2128146453%} TRV{14.6453089245%} WBA{26.7734553776%} 
47,41445.97129734448390081525,11489.76976744188868906349,0.27722283753494897374,9,MSFT{4.3478260870%} UNH{3.4324942792%} JNJ{29.0617848970%} MRK{2.9748283753%} KO{6.8649885584%} CRM{0.6864988558%} BA{11.2128146453%} TRV{14.6453089245%} WBA{26.7734553776%} 
48,41603.04438346301321871579,11952.67193899126141332090,0.28730281920768241388,10,MSFT{4.8034934498%} UNH{5.6768558952%} JNJ{27.5109170306%} HD{0.4366812227%} MRK{2.6200873362%} KO{6.5502183406%} CRM{1.7467248908%} BA{10.6986899563%} TRV{14.1921397380%} WBA{25.7641921397%} 
49,41710.85873660873767221346,12361.68978556327238038648,0.29636622596584610845,9,MSFT{4.1214750542%} UNH{6.7245119306%} JNJ{27.5488069414%} MRK{2.8199566161%} KO{6.5075921909%} CRM{2.3861171367%} BA{10.6290672451%} TRV{13.8828633406%} WBA{25.3796095445%} 
50,41970.20934031702927313745,12523.14235880402156908531,0.29838169872491338008,8,MSFT{4.6620046620%} UNH{3.4965034965%} JNJ{29.3706293706%} MRK{0.9324009324%} KO{6.7599067599%} BA{11.8881118881%} TRV{15.1515151515%} WBA{27.7389277389%} 
51,42281.98910106690163956955,13043.33308668076460890006,0.30848437748525037172,7,MSFT{4.5130641330%} UNH{3.5629453682%} JNJ{30.1662707838%} KO{5.9382422803%} BA{12.1140142518%} TRV{15.4394299287%} WBA{28.2660332542%} 
52,42557.63078950109047582373,13676.60222289336525136605,0.32136662612965205543,9,MSFT{4.8421052632%} UNH{9.0526315789%} JNJ{26.7368421053%} MRK{2.7368421053%} KO{6.3157894737%} CRM{1.6842105263%} BA{10.3157894737%} TRV{13.6842105263%} WBA{24.6315789474%} 
53,42807.08583719391754129902,14304.04915735425311140716,0.33415143492262328051,10,MSFT{3.4261241970%} UNH{9.2077087794%} JNJ{26.9807280514%} MRK{2.5695931478%} KO{5.7815845824%} AMGN{0.2141327623%} CRM{1.7130620985%} BA{10.9207708779%} TRV{13.9186295503%} WBA{25.2676659529%} 
54,43337.57158492973394459113,14404.96910601029412646312,0.33238985432722073510,10,MSFT{4.5548654244%} UNH{8.6956521739%} JNJ{26.0869565217%} HD{0.4140786749%} MRK{2.6915113872%} KO{6.2111801242%} CRM{1.6563146998%} BA{10.1449275362%} TRV{13.2505175983%} WBA{26.2939958592%} 
55,43824.54676933266455307603,15033.50658109330652223434,0.34303849530312502392,7,MSFT{4.8593350384%} UNH{3.5805626598%} JNJ{25.0639386189%} KO{6.3938618926%} BA{13.0434782609%} TRV{16.6240409207%} WBA{30.4347826087%} 
56,43859.66116964315006043762,16233.68952280278062971774,0.37012801945763096345,8,UNH{13.4736842105%} JNJ{26.7368421053%} MRK{2.7368421053%} KO{6.3157894737%} CRM{2.3157894737%} BA{10.3157894737%} TRV{13.4736842105%} WBA{24.6315789474%} 
57,44038.59860850434779422358,16514.36876774389747879468,0.37499759959561446143,8,UNH{13.5306553911%} JNJ{26.8498942918%} MRK{2.7484143763%} KO{6.3424947146%} CRM{1.6913319239%} BA{10.3594080338%} TRV{13.7420718816%} WBA{24.7357293869%} 
58,44060.56796072579891188070,16553.22166717008076375350,0.37569242597882762658,8,UNH{13.5593220339%} JNJ{26.9067796610%} MRK{2.7542372881%} KO{6.3559322034%} CRM{1.6949152542%} BA{10.3813559322%} TRV{13.5593220339%} WBA{24.7881355932%} 
59,44067.75309977605502353981,16677.95064331025423598476,0.37846156134960756701,8,UNH{13.6460554371%} JNJ{26.0127931770%} MRK{2.7718550107%} KO{6.3965884861%} CRM{2.1321961620%} BA{10.4477611940%} TRV{13.6460554371%} WBA{24.9466950959%} 
60,44602.99313324983086204156,17290.77370582906223717146,0.38765949303387553515,8,UNH{15.0000000000%} JNJ{26.2500000000%} MRK{2.7083333333%} KO{6.2500000000%} CRM{1.6666666667%} BA{10.2083333333%} TRV{13.5416666667%} WBA{24.3750000000%} 
61,44707.74958320378937060013,17796.50917245548043865710,0.39806318453437505855,8,UNH{14.0043763676%} JNJ{23.1947483589%} MRK{2.8446389497%} KO{6.7833698031%} CRM{2.4070021882%} BA{10.7221006565%} TRV{14.0043763676%} WBA{26.0393873085%} 
62,44729.59399839258549036458,17812.17131984301522606984,0.39821893577847183865,8,UNH{14.0043763676%} JNJ{23.4135667396%} MRK{2.8446389497%} KO{6.5645514223%} CRM{2.4070021882%} BA{10.7221006565%} TRV{14.0043763676%} WBA{26.0393873085%} 
63,45108.22527823969721794128,18407.68578073088792734779,0.40807825329387975577,8,UNH{14.3820224719%} JNJ{22.0224719101%} MRK{2.9213483146%} KO{6.7415730337%} CRM{2.2471910112%} BA{11.0112359551%} TRV{14.3820224719%} WBA{26.2921348315%} 
64,45173.87321757534664357081,19182.30175173663519672118,0.42463265568013258688,7,UNH{14.6118721461%} JNJ{24.2009132420%} KO{5.7077625571%} CRM{2.5114155251%} BA{11.1872146119%} TRV{14.6118721461%} WBA{27.1689497717%} 
65,45280.55581871366302948445,19757.15384778012594324537,0.43632754701334386382,7,UNH{14.6788990826%} JNJ{24.5412844037%} KO{5.7339449541%} CRM{0.9174311927%} BA{11.2385321101%} TRV{15.5963302752%} WBA{27.2935779817%} 
66,45477.29439022330188890919,20149.13838115373437176459,0.44305930357821354804,6,UNH{14.9184149184%} JNJ{24.7086247086%} KO{5.8275058275%} BA{11.4219114219%} TRV{15.8508158508%} WBA{27.2727272727%} 
67,45524.94187579418940003961,20227.08640591967196087353,0.44430779200345343893,6,UNH{14.8837209302%} JNJ{24.8837209302%} KO{5.8139534884%} BA{11.8604651163%} TRV{15.1162790698%} WBA{27.4418604651%} 
68,45553.27073796011973172426,20321.93627000907144974917,0.44611365859783463916,6,UNH{14.8491879350%} JNJ{24.8259860789%} KO{5.8004640371%} BA{11.8329466357%} TRV{15.0812064965%} WBA{27.6102088167%} 
69,45598.82307558815955417231,20403.64514346120267873630,0.44745990723573131342,6,UNH{14.8837209302%} JNJ{24.6511627907%} KO{5.8139534884%} BA{11.8604651163%} TRV{15.1162790698%} WBA{27.6744186047%} 
70,45690.53275397250399691984,20458.90127755964931566268,0.44777112553542891549,6,UNH{14.9532710280%} JNJ{25.0000000000%} KO{5.8411214953%} BA{11.4485981308%} TRV{14.9532710280%} WBA{27.8037383178%} 
71,45769.60276739844994153827,20671.83517366357409628108,0.45164987073884022006,6,UNH{15.0234741784%} JNJ{23.0046948357%} KO{6.8075117371%} BA{11.9718309859%} TRV{15.2582159624%} WBA{27.9342723005%} 
72,45858.02774509695882443339,20821.99432497734960634261,0.45405341984432795455,6,UNH{15.2019002375%} JNJ{23.2779097387%} KO{5.9382422803%} BA{11.6389548694%} TRV{16.1520190024%} WBA{27.7909738717%} 
73,45882.51262388307077344507,20875.45727574749616906047,0.45497633154643896125,6,UNH{15.0943396226%} JNJ{23.1132075472%} KO{6.3679245283%} BA{12.0283018868%} TRV{15.3301886792%} WBA{28.0660377358%} 
74,45924.97921014344319701195,20919.45719722141075180843,0.45551369988646467357,6,UNH{15.4205607477%} JNJ{23.8317757009%} KO{5.8411214953%} BA{11.9158878505%} TRV{15.1869158879%} WBA{27.8037383178%} 
75,45961.15462060126446885988,20953.81173059496722999029,0.45590264003513081281,7,UNH{15.1300236407%} JNJ{23.1678486998%} KO{5.9101654846%} CRM{0.2364066194%} BA{12.0567375887%} TRV{15.3664302600%} WBA{28.1323877069%} 
76,45969.38347746282670414075,20987.76740561764017911628,0.45655968860028772749,6,UNH{15.2019002375%} JNJ{23.2779097387%} KO{5.9382422803%} BA{12.1140142518%} TRV{15.4394299287%} WBA{28.0285035629%} 
77,46012.17222349240182666108,21083.53903050434018950909,0.45821655469983946229,6,UNH{15.1658767773%} JNJ{23.2227488152%} KO{5.9241706161%} BA{12.0853080569%} TRV{15.4028436019%} WBA{28.1990521327%} 
78,46120.44532959020580165088,21173.79131380247781635262,0.45909772038167379060,6,UNH{15.2380952381%} JNJ{23.3333333333%} KO{5.9523809524%} BA{11.6666666667%} TRV{15.4761904762%} WBA{28.3333333333%} 
79,46140.32241173150396207348,21261.33150709753317642026,0.46079720287545472557,6,UNH{15.5660377358%} JNJ{23.1132075472%} KO{5.8962264151%} BA{12.0283018868%} TRV{15.3301886792%} WBA{28.0660377358%} 
80,46251.05940640639164485037,21353.82939595285643008538,0.46169384377377231665,6,UNH{15.6398104265%} JNJ{23.2227488152%} KO{5.9241706161%} BA{11.6113744076%} TRV{15.4028436019%} WBA{28.1990521327%} 
81,46330.02935279567464021966,21359.46582603443312109448,0.46102854076317451026,6,UNH{16.4383561644%} JNJ{22.3744292237%} KO{5.7077625571%} BA{11.6438356164%} TRV{16.6666666667%} WBA{27.1689497717%} 
82,46337.44474022649228572845,21450.17993355480939499103,0.46291244702437089886,6,UNH{16.5898617512%} JNJ{23.5023041475%} KO{5.7603686636%} BA{11.7511520737%} TRV{14.9769585253%} WBA{27.4193548387%} 
83,46410.47640956695977365598,21450.75156448199049918912,0.46219632341589533819,7,UNH{16.6281755196%} JNJ{22.8637413395%} KO{5.7736720554%} CRM{0.4618937644%} BA{11.7782909931%} TRV{15.0115473441%} WBA{27.4826789838%} 
84,46465.87076093497307738289,21535.57743279976421035826,0.46347086754490063321,7,UNH{16.6666666667%} JNJ{22.6851851852%} KO{5.7870370370%} CRM{0.4629629630%} BA{11.8055555556%} TRV{15.0462962963%} WBA{27.5462962963%} 
85,46491.86936263376992428675,21559.92625188766760402359,0.46373541325519840317,7,UNH{16.6666666667%} JNJ{22.6851851852%} PG{0.4629629630%} KO{5.7870370370%} BA{11.8055555556%} TRV{15.0462962963%} WBA{27.5462962963%} 
86,46492.10612714799208333716,21609.54904560556678916328,0.46480038969426618056,6,UNH{16.8224299065%} JNJ{22.8971962617%} KO{5.8411214953%} BA{11.9158878505%} TRV{15.1869158879%} WBA{27.3364485981%} 
87,46496.21822642526240088046,21704.44622470551621518098,0.46680024854946583490,6,UNH{16.7053364269%} JNJ{22.9698375870%} KO{5.8004640371%} BA{11.8329466357%} TRV{15.0812064965%} WBA{27.6102088167%} 
88,46555.16232461859181057662,21792.45475083056589937769,0.46809964056996988813,6,UNH{16.7441860465%} JNJ{22.7906976744%} KO{5.8139534884%} BA{11.8604651163%} TRV{15.1162790698%} WBA{27.6744186047%} 
89,46624.60530534867575624958,21878.39294472971232607961,0.46924564404237151249,6,UNH{16.9373549884%} JNJ{22.7378190255%} KO{5.8004640371%} BA{11.8329466357%} TRV{15.0812064965%} WBA{27.6102088167%} 
90,46662.05542998595046810806,21925.58243733013659948483,0.46988033928827593888,6,UNH{15.4589371981%} JNJ{23.6714975845%} KO{4.1062801932%} BA{12.3188405797%} TRV{15.7004830918%} WBA{28.7439613527%} 
91,46800.46928143931290833279,22104.56195107218081830069,0.47231496372705544795,6,UNH{15.8653846154%} JNJ{23.5576923077%} KO{4.0865384615%} BA{12.2596153846%} TRV{15.6250000000%} WBA{28.6057692308%} 
92,47056.06480278768140124157,22324.03319540927623165771,0.47441351691794597656,6,UNH{16.5137614679%} JNJ{22.4770642202%} KO{5.7339449541%} BA{11.6972477064%} TRV{14.9082568807%} WBA{28.6697247706%} 
93,47149.56213124612258980051,22340.27837813350924989209,0.47381730324338589000,6,UNH{16.6281755196%} JNJ{22.6327944573%} KO{5.7736720554%} BA{11.5473441109%} TRV{14.7806004619%} WBA{28.6374133949%} 
94,47238.56551612597831990570,22634.03478707339672837406,0.47914314373807020964,6,UNH{17.0616113744%} JNJ{23.2227488152%} KO{4.0284360190%} BA{12.0853080569%} TRV{15.4028436019%} WBA{28.1990521327%} 
95,47451.61474376781552564353,22710.75517970401779166423,0.47860869018554941245,6,UNH{15.8024691358%} JNJ{24.1975308642%} KO{2.2222222222%} BA{12.5925925926%} TRV{16.0493827160%} WBA{29.1358024691%} 
96,47659.59327226396999321878,22766.22641196016775211319,0.47768402642263474434,7,UNH{15.0127226463%} JNJ{16.2849872774%} MRK{1.0178117048%} KO{7.8880407125%} BA{12.9770992366%} TRV{16.5394402036%} WBA{30.2798982188%} 
97,47874.55213239364820765331,22829.73004228329591569491,0.47686566297579791041,6,UNH{15.5660377358%} JNJ{23.1132075472%} KO{4.0094339623%} BA{12.0283018868%} TRV{15.3301886792%} WBA{29.9528301887%} 
98,48103.37208700981136644259,22985.22135306556810974143,0.47782973117746702085,7,UNH{17.6904176904%} JNJ{16.2162162162%} KO{7.3710073710%} CRM{1.9656019656%} BA{12.0393120393%} TRV{15.9705159705%} WBA{28.7469287469%} 
99,48273.86379183267854386941,23075.37563877987122396007,0.47800971014638216072,8,UNH{17.1837708831%} JNJ{23.3890214797%} MRK{0.9546539379%} KO{2.1479713604%} BA{12.1718377088%} TRV{15.5131264916%} DD{0.2386634845%} WBA{28.4009546539%} 
100,48348.29000868402363266796,23261.74747508306609233841,0.48112864944975164416,7,UNH{17.7339901478%} JNJ{16.2561576355%} HD{1.9704433498%} KO{6.1576354680%} BA{12.5615763547%} TRV{16.0098522167%} WBA{29.3103448276%} 
101,48498.89469203128101071343,23380.81066747208387823775,0.48208955721446000720,7,UNH{19.3406593407%} JNJ{21.5384615385%} MRK{0.8791208791%} KO{5.4945054945%} BA{10.9890109890%} TRV{14.2857142857%} WBA{27.4725274725%} 
102,48499.59127659757359651849,24073.48708245243324199691,0.49636474140903891206,6,UNH{16.4102564103%} JNJ{16.9230769231%} KO{6.4102564103%} BA{13.0769230769%} TRV{16.6666666667%} WBA{30.5128205128%} 
103,48791.79914636524335946888,24416.02071881607844261453,0.50041238785995767469,6,UNH{18.2741116751%} JNJ{16.7512690355%} KO{6.3451776650%} BA{12.9441624365%} TRV{16.4974619289%} WBA{29.1878172589%} 
104,48868.89910220202000346035,24513.19844457870203768834,0.50161143170655431156,7,UNH{18.0000000000%} JNJ{16.5000000000%} PG{0.5000000000%} KO{6.2500000000%} BA{12.7500000000%} TRV{16.2500000000%} WBA{29.7500000000%} 
105,49005.53613237398531055078,24525.80239202659140573815,0.50047003517678856355,7,UNH{18.0000000000%} JNJ{16.5000000000%} KO{6.2500000000%} CSCO{0.5000000000%} BA{12.7500000000%} TRV{16.2500000000%} WBA{29.7500000000%} 
106,49009.31377900925872381777,24676.44427967382216593251,0.50350519884738254017,7,UNH{18.0451127820%} JNJ{16.5413533835%} KO{6.2656641604%} BA{12.7819548872%} MMM{0.2506265664%} TRV{16.2907268170%} WBA{29.8245614035%} 
107,49030.58791247382760047913,24779.81340682574591482989,0.50539498835015062017,6,UNH{18.0904522613%} JNJ{16.5829145729%} KO{6.2814070352%} BA{12.8140703518%} TRV{16.3316582915%} WBA{29.8994974874%} 
108,49192.49584009241516469046,24893.92422530958356219344,0.50605125436674358586,6,UNH{18.1818181818%} JNJ{16.6666666667%} KO{6.3131313131%} BA{12.3737373737%} TRV{16.4141414141%} WBA{30.0505050505%} 
109,49662.98752698342286748812,24973.00980368472664849833,0.50284952732890109139,7,UNH{17.8660049628%} JNJ{16.3771712159%} JPM{0.4962779156%} KO{6.2034739454%} BA{12.4069478908%} TRV{15.8808933002%} WBA{30.7692307692%} 
110,49894.06966014554927824065,25208.34935064933961257339,0.50523738637390203099,6,UNH{22.9074889868%} JNJ{21.5859030837%} KO{3.7444933921%} BA{11.2334801762%} TRV{14.3171806167%} WBA{26.2114537445%} 
111,49930.12549825241876533255,25349.11774992452774313278,0.50769184929871169487,6,UNH{17.9551122195%} JNJ{16.4588528678%} KO{6.2344139651%} BA{12.4688279302%} TRV{15.9600997506%} WBA{30.9226932668%} 
112,49977.53342897444235859439,25517.06678344911779277027,0.51057075114986794073,7,UNH{23.8709677419%} JNJ{10.7526881720%} KO{13.5483870968%} GS{0.2150537634%} BA{10.7526881720%} TRV{13.9784946237%} WBA{26.8817204301%} 
113,50226.45553196584660327062,25579.08125037757781683467,0.50927506190633275995,8,UNH{19.3298969072%} JNJ{11.8556701031%} MRK{1.0309278351%} KO{7.9896907216%} HON{0.2577319588%} BA{13.1443298969%} TRV{16.7525773196%} WBA{29.6391752577%} 
114,50354.99268118119653081521,25681.05229537903505843133,0.51000011970961178775,8,UNH{19.0839694656%} JNJ{11.7048346056%} V{0.5089058524%} MRK{1.0178117048%} KO{7.8880407125%} BA{12.9770992366%} TRV{16.5394402036%} WBA{30.2798982188%} 
115,50449.21996040466183330864,25732.20844155843587941490,0.51006157204718916010,8,UNH{18.9258312020%} JNJ{11.7647058824%} JPM{0.2557544757%} MRK{1.0230179028%} KO{7.9283887468%} BA{13.0434782609%} TRV{16.6240409207%} WBA{30.4347826087%} 
116,50513.40899514155898941681,25926.53724856541521148756,0.51326049388310068800,7,UNH{18.9743589744%} JNJ{11.7948717949%} MRK{1.0256410256%} KO{7.9487179487%} BA{13.0769230769%} TRV{16.6666666667%} WBA{30.5128205128%} 
117,50578.61034937264776090160,26010.73324373300420120358,0.51426350119276509343,7,UNH{19.1815856777%} JNJ{11.7647058824%} MRK{1.0230179028%} KO{7.9283887468%} BA{13.0434782609%} TRV{16.6240409207%} WBA{30.4347826087%} 
118,50632.81399896412767702714,26058.71577771072406903841,0.51466062657003119885,6,UNH{25.9713701431%} JNJ{13.0879345603%} KO{12.0654396728%} BA{10.2249488753%} TRV{13.0879345603%} WBA{25.5623721881%} 
119,50677.63048937601706711575,26073.75472364847519202158,0.51450224629414231803,7,UNH{19.2307692308%} JNJ{11.7948717949%} MRK{1.0256410256%} KO{7.9487179487%} BA{12.8205128205%} TRV{16.6666666667%} WBA{30.5128205128%} 
120,50702.76704863699706038460,26268.40574146781364106573,0.51808623612730353436,7,UNH{22.7817745803%} JNJ{5.7553956835%} KO{15.1079136691%} GS{0.2398081535%} BA{11.9904076739%} TRV{15.5875299760%} WBA{28.5371702638%} 
121,51017.75425476041709771380,26392.19613409845624119043,0.51731395314476869007,7,UNH{22.8915662651%} JNJ{3.8554216867%} PG{1.9277108434%} KO{14.6987951807%} BA{12.2891566265%} TRV{15.6626506024%} WBA{28.6746987952%} 
122,51283.70940522710588993505,26869.57636665658719721250,0.52393979839371562779,7,UNH{20.0507614213%} JNJ{4.0609137056%} KO{14.9746192893%} GS{0.2538071066%} BA{12.6903553299%} TRV{16.2436548223%} WBA{31.7258883249%} 
123,51382.68471208342089084908,27221.92958924797130748630,0.52978799651638908141,6,UNH{23.2273838631%} JNJ{3.9119804401%} KO{15.4034229829%} BA{12.4694376528%} TRV{15.8924205379%} WBA{29.0953545232%} 
124,51556.89300597758119693026,27376.82524614916837890632,0.53100223170886307056,8,UNH{22.8365384615%} JNJ{3.8461538462%} HD{0.2403846154%} KO{15.1442307692%} GS{0.2403846154%} BA{12.0192307692%} TRV{15.6250000000%} WBA{30.0480769231%} 
125,51569.33153917841264046729,27465.20927212325113941915,0.53258804123255498730,6,UNH{23.3415233415%} JNJ{3.9312039312%} KO{14.9877149877%} BA{12.5307125307%} TRV{15.9705159705%} WBA{29.2383292383%} 
126,51660.70396980721852742136,27505.47789187559101264924,0.53242553388260061009,7,UNH{23.2843137255%} JNJ{3.9215686275%} CVX{0.2450980392%} KO{14.9509803922%} BA{12.5000000000%} TRV{15.9313725490%} WBA{29.1666666667%} 
127,51662.87844779312581522390,27568.55005134399834787473,0.53362396520749100226,7,UNH{22.8915662651%} JNJ{3.8554216867%} KO{15.1807228916%} GS{0.2409638554%} BA{12.0481927711%} TRV{15.6626506024%} WBA{30.1204819277%} 
128,51840.91291472411103313789,27898.00732105107817915268,0.53814652853320699144,6,UNH{26.3274336283%} JNJ{7.0796460177%} KO{13.9380530973%} BA{11.0619469027%} TRV{14.1592920354%} WBA{27.4336283186%} 
129,52284.19909878957696491852,28137.65532769556739367545,0.53816747339918569182,6,UNH{25.6470588235%} JNJ{3.7647058824%} KO{14.8235294118%} BA{12.0000000000%} TRV{15.7647058824%} WBA{28.0000000000%} 
130,52306.68504881886474322528,28341.93664149804681073874,0.54184157560445589397,6,UNH{25.8293838863%} JNJ{3.7914691943%} KO{14.9289099526%} BA{11.8483412322%} TRV{15.4028436019%} WBA{28.1990521327%} 
131,52419.37877207547717262059,28522.78459981879495899193,0.54412671931574418949,7,UNH{25.4672897196%} JNJ{3.7383177570%} PG{0.4672897196%} KO{14.7196261682%} BA{11.6822429907%} TRV{14.9532710280%} WBA{28.9719626168%} 
132,52454.88416689993027830496,28647.29516762308776378632,0.54613208326747386678,6,UNH{25.6944444444%} JNJ{3.7037037037%} KO{14.5833333333%} BA{11.5740740741%} TRV{15.7407407407%} WBA{28.7037037037%} 
133,52492.69773476428963476792,28656.59713077620472176932,0.54591587720586565169,7,UNH{25.5269320843%} JNJ{3.7470725995%} PG{0.2341920375%} KO{14.7540983607%} BA{11.7096018735%} TRV{14.9882903981%} WBA{29.0398126464%} 
134,52567.59948476169665809721,28790.32470250681581092067,0.54768193687163824190,6,UNH{25.5868544601%} JNJ{3.7558685446%} KO{14.7887323944%} BA{11.7370892019%} TRV{15.0234741784%} WBA{29.1079812207%} 
135,52643.02650161914061754942,28846.37454243429237976670,0.54796193265117587590,6,UNH{24.7596153846%} JNJ{3.8461538462%} KO{14.1826923077%} BA{12.0192307692%} TRV{15.3846153846%} WBA{29.8076923077%} 
136,52711.48783228553656954318,28931.29286318331651273184,0.54886124548855996785,6,UNH{25.9345794393%} JNJ{3.7383177570%} KO{14.7196261682%} BA{11.6822429907%} TRV{14.9532710280%} WBA{28.9719626168%} 
137,52985.90681440571643179283,28957.86260646332812029868,0.54652009085914732278,7,UNH{25.6944444444%} JNJ{3.7037037037%} KO{14.5833333333%} GS{0.2314814815%} BA{11.5740740741%} TRV{14.8148148148%} WBA{29.3981481481%} 
138,53000.95710876026714686304,29206.99344608882893226109,0.55106539653906261300,6,UNH{26.0563380282%} JNJ{4.2253521127%} KO{13.8497652582%} BA{11.7370892019%} TRV{15.0234741784%} WBA{29.1079812207%} 
139,53073.07987450616928981617,29277.66996375722374068573,0.55164821851276901743,6,UNH{25.8293838863%} JNJ{3.7914691943%} KO{13.9810426540%} BA{11.8483412322%} TRV{15.1658767773%} WBA{29.3838862559%} 
140,53220.56239028761774534360,29419.21184234372049104422,0.55277904856774906506,6,UNH{26.1792452830%} JNJ{3.7735849057%} KO{13.9150943396%} BA{11.7924528302%} TRV{15.0943396226%} WBA{29.2452830189%} 
141,53271.41030250083713326603,29452.48272425249160733074,0.55287597150154366155,7,UNH{26.1176470588%} JNJ{3.7647058824%} CVX{0.2352941176%} KO{13.8823529412%} BA{11.7647058824%} TRV{15.0588235294%} WBA{29.1764705882%} 
142,53313.11069582946947775781,29492.81361220177859649993,0.55320001454180600664,6,UNH{26.1176470588%} JNJ{3.7647058824%} KO{13.8823529412%} BA{11.7647058824%} TRV{15.0588235294%} WBA{29.4117647059%} 
143,53402.80785224376450059935,29556.10628511024697218090,0.55345603487529770881,7,UNH{25.9953161593%} JNJ{3.7470725995%} CVX{0.4683840749%} KO{13.8173302108%} BA{11.7096018735%} TRV{14.9882903981%} WBA{29.2740046838%} 
144,53485.29585960938857169822,29647.59838719417530228384,0.55431306699722715514,6,UNH{26.0143198091%} JNJ{3.8186157518%} KO{13.3651551313%} BA{11.9331742243%} TRV{15.2744630072%} WBA{29.5942720764%} 
145,53825.45389532565604895353,29968.21682271220197435468,0.55676663462961939466,6,UNH{27.5462962963%} JNJ{3.7037037037%} KO{13.6574074074%} BA{11.5740740741%} TRV{14.8148148148%} WBA{28.7037037037%} 
146,54033.23691030651389155537,29982.76476593177358154207,0.55489484769720953672,5,UNH{27.2935779817%} KO{14.4495412844%} BA{11.4678899083%} TRV{18.3486238532%} WBA{28.4403669725%} 
147,54142.62345105865097139031,30027.86527031109289964661,0.55460676554497390089,5,UNH{24.1116751269%} KO{14.9746192893%} BA{12.6903553299%} TRV{16.4974619289%} WBA{31.7258883249%} 
148,54171.52228234877838985994,30326.91635457565644173883,0.55983134822218871829,6,UNH{27.8037383178%} JNJ{1.8691588785%} KO{14.7196261682%} BA{11.6822429907%} TRV{14.9532710280%} WBA{28.9719626168%} 
149,54349.88809421356563689187,30395.21641196014752495103,0.55925076348402302795,6,UNH{28.7981859410%} JNJ{3.8548752834%} KO{13.3786848073%} BA{11.3378684807%} TRV{14.5124716553%} WBA{28.1179138322%} 
150,54534.29418687378347385675,30567.46312292362563312054,0.56051817629063782622,6,UNH{28.7981859410%} JNJ{3.6281179138%} KO{13.3786848073%} BA{11.3378684807%} TRV{14.5124716553%} WBA{28.3446712018%} 
151,54598.66416491934796795249,30622.84297191182122332975,0.56087165208682088213,6,UNH{28.9293849658%} JNJ{3.6446469248%} KO{13.2118451025%} BA{11.3895216401%} TRV{14.5785876993%} WBA{28.2460136674%} 
152,54626.25434937773388810456,30627.85154334040271351114,0.56068005958181343917,7,UNH{28.6681715576%} JNJ{3.6117381490%} CVX{0.4514672686%} KO{13.3182844244%} BA{11.2866817156%} TRV{14.4469525959%} WBA{28.2167042889%} 
153,54785.94234137022431241348,30854.70440954394871369004,0.56318652360287679848,6,UNH{29.1284403670%} JNJ{1.8348623853%} KO{14.4495412844%} BA{11.4678899083%} TRV{14.6788990826%} WBA{28.4403669725%} 
154,55030.16604345937957987189,31118.85013893084760638885,0.56548712054321492726,5,UNH{28.2660332542%} KO{14.9643705463%} BA{11.8764845606%} TRV{15.4394299287%} WBA{29.4536817102%} 
155,55112.60616697223304072395,31196.14639685894871945493,0.56604375235577431003,5,UNH{28.3333333333%} KO{15.0000000000%} BA{11.9047619048%} TRV{15.2380952381%} WBA{29.5238095238%} 
156,55203.36277170520770596340,31267.07444880701586953364,0.56639800329035627779,5,UNH{28.2660332542%} KO{14.9643705463%} BA{11.8764845606%} TRV{15.2019002375%} WBA{29.6912114014%} 
157,55472.24752872620592825115,31419.38567502266960218549,0.56639828156867444431,6,UNH{29.5348837209%} JNJ{0.9302325581%} KO{14.6511627907%} BA{11.1627906977%} TRV{14.8837209302%} WBA{28.8372093023%} 
158,55676.69899678060028236359,31442.89875264271904597990,0.56474071414436488592,5,UNH{29.3981481481%} KO{14.5833333333%} BA{12.5000000000%} TRV{14.8148148148%} WBA{28.7037037037%} 
159,55682.88286493861960479990,31451.58749018426897237077,0.56483403645733520904,6,UNH{29.5348837209%} KO{14.6511627907%} CSCO{0.4651162791%} BA{11.6279069767%} TRV{14.8837209302%} WBA{28.8372093023%} 
160,55718.17157959246105747297,31719.77569314405263867229,0.56928960146929608044,5,UNH{29.6728971963%} KO{14.7196261682%} BA{11.6822429907%} TRV{14.9532710280%} WBA{28.9719626168%} 
161,55823.91811797447735443711,31727.58118393233962706290,0.56835102682834670595,6,UNH{29.6037296037%} JNJ{1.8648018648%} KO{13.0536130536%} BA{11.6550116550%} TRV{14.9184149184%} WBA{28.9044289044%} 
162,55974.13943740017566597089,31813.95311990339178009890,0.56836877600383972631,5,UNH{30.2380952381%} KO{14.0476190476%} BA{11.9047619048%} TRV{15.4761904762%} WBA{28.3333333333%} 
163,56075.51914457977545680478,31975.98453639387298608199,0.57023073569680271522,5,UNH{28.7439613527%} KO{13.7681159420%} BA{12.0772946860%} TRV{15.4589371981%} WBA{29.9516908213%} 
164,56162.38236886212689569220,32072.72757475089383660816,0.57107135099975459003,5,UNH{29.8122065728%} KO{13.8497652582%} BA{11.7370892019%} TRV{15.4929577465%} WBA{29.1079812207%} 
165,56192.96030521354259690270,32097.04633343402383616194,0.57119336940246734358,5,UNH{30.0947867299%} KO{13.9810426540%} BA{11.8483412322%} TRV{15.1658767773%} WBA{28.9099526066%} 
166,56248.54196929267345694825,32108.29121413471511914395,0.57082886222479056748,5,UNH{28.8135593220%} KO{13.5593220339%} BA{12.1065375303%} TRV{15.4963680387%} WBA{30.0242130751%} 
167,56327.40516805551305878907,32148.47243128966147196479,0.57074300396713029127,6,UNH{29.8823529412%} KO{13.8823529412%} HON{0.2352941176%} BA{11.7647058824%} TRV{15.0588235294%} WBA{29.1764705882%} 
168,56347.82349930558848427609,32232.44317124738154234365,0.57202640970941143195,5,UNH{29.9528301887%} KO{13.9150943396%} BA{11.7924528302%} TRV{15.0943396226%} WBA{29.2452830189%} 
169,56441.92948151967721059918,32299.23105708246293943375,0.57225596916664478453,5,UNH{29.8823529412%} KO{13.8823529412%} BA{11.7647058824%} TRV{15.0588235294%} WBA{29.4117647059%} 
170,56512.93613237415411276743,32361.52437934157569543459,0.57263923260930804648,5,UNH{30.0236406619%} KO{13.7115839243%} BA{11.8203309693%} TRV{15.1300236407%} WBA{29.3144208038%} 
171,56681.37570616661832900718,32491.15058290551678510383,0.57322445297266599873,5,UNH{30.0947867299%} KO{13.5071090047%} BA{11.8483412322%} TRV{15.1658767773%} WBA{29.3838862559%} 
172,56760.98304049669241067022,32549.00828148597065592185,0.57343982676028626422,5,UNH{30.0947867299%} KO{13.2701421801%} BA{12.0853080569%} TRV{15.1658767773%} WBA{29.3838862559%} 
173,56852.64709714354103198275,32621.09466928422261844389,0.57378321564420542433,5,UNH{30.1662707838%} KO{13.3016627078%} BA{11.8764845606%} TRV{15.2019002375%} WBA{29.4536817102%} 
174,56917.71048068395612062886,32673.92489278163338894956,0.57405550252886783369,6,UNH{30.0236406619%} CVX{0.4728132388%} KO{13.2387706856%} BA{11.8203309693%} TRV{15.1300236407%} WBA{29.3144208038%} 
175,56956.38359441822831286117,32688.07037450923962751403,0.57391407795969506811,5,UNH{30.0947867299%} KO{13.2701421801%} BA{11.8483412322%} TRV{15.1658767773%} WBA{29.6208530806%} 
176,57164.97468061069957911968,32777.02918755659629823640,0.57337608160743147589,5,UNH{29.1666666667%} KO{12.5000000000%} BA{12.2549019608%} TRV{15.6862745098%} WBA{30.3921568627%} 
177,58233.88695452803949592635,32963.98682875267695635557,0.56606193666056714431,6,UNH{27.6649746193%} JNJ{4.0609137056%} KO{7.8680203046%} BA{12.6903553299%} TRV{16.2436548223%} WBA{31.4720812183%} 
178,58317.08169864168303320184,33073.34594986411684658378,0.56712964686356137634,6,UNH{28.3887468031%} JNJ{4.0920716113%} KO{6.3938618926%} BA{13.0434782609%} TRV{17.6470588235%} WBA{30.4347826087%} 
179,58443.94025112270173849538,33122.20882210810668766499,0.56673469789661956586,7,UNH{29.8823529412%} CVX{3.7647058824%} KO{13.4117647059%} HON{0.4705882353%} BA{9.1764705882%} TRV{15.2941176471%} WBA{28.0000000000%} 
180,58461.95846543626976199448,33182.61219571127730887383,0.56759323612686385374,6,UNH{28.5347043702%} JNJ{4.6272493573%} KO{6.4267352185%} BA{13.1105398458%} TRV{16.7095115681%} WBA{30.5912596401%} 
181,58649.99812770907738013193,33299.23246149197802878916,0.56776186742553058640,6,UNH{28.3116883117%} JNJ{4.1558441558%} KO{6.4935064935%} BA{13.2467532468%} TRV{16.8831168831%} WBA{30.9090909091%} 
182,58805.37176301083673024550,33434.81376321356947300956,0.56856733935732717278,6,UNH{28.6821705426%} JNJ{4.1343669251%} KO{6.4599483204%} BA{13.1782945736%} TRV{16.7958656331%} WBA{30.7493540052%} 
183,58915.26802456448785960674,33516.93824524311639834195,0.56890071740432990310,6,UNH{28.7564766839%} JNJ{4.1450777202%} KO{6.4766839378%} BA{12.9533678756%} TRV{16.8393782383%} WBA{30.8290155440%} 
184,59082.24741489250300219283,33950.16313198428542818874,0.57462545210199089674,6,UNH{30.8252427184%} KO{10.9223300971%} GS{0.2427184466%} BA{12.1359223301%} TRV{15.5339805825%} WBA{30.3398058252%} 
185,59418.23688722826045705006,34380.92833887042070273310,0.57862585865890070469,5,UNH{31.1274509804%} KO{10.5392156863%} BA{12.2549019608%} TRV{15.6862745098%} WBA{30.3921568627%} 
186,60926.29557198378461180255,34701.20200845666113309562,0.56956034636075247857,7,UNH{32.0610687023%} MRK{1.0178117048%} KO{7.8880407125%} BA{12.9770992366%} MMM{0.2544529262%} TRV{16.5394402036%} WBA{29.2620865140%} 
187,60962.89724507765640737489,34832.30351253401750000194,0.57136889955384284612,6,UNH{32.1428571429%} MRK{1.0204081633%} KO{7.9081632653%} BA{13.0102040816%} TRV{16.5816326531%} WBA{29.3367346939%} 
188,61310.75851864409924019128,35090.58465720324602443725,0.57233975741031628548,6,UNH{31.8181818182%} MRK{1.0101010101%} KO{7.8282828283%} BA{12.8787878788%} TRV{16.4141414141%} WBA{30.0505050505%} 
189,61365.74527505628066137433,35092.82203865900373784825,0.57186337233198081265,7,UNH{30.9090909091%} V{1.0389610390%} KO{6.4935064935%} VZ{0.5194805195%} BA{13.2467532468%} TRV{16.8831168831%} WBA{30.9090909091%} 
190,61387.59358249034994514659,35151.93727272725664079189,0.57262282525363039642,6,UNH{31.9899244332%} MRK{1.0075566751%} KO{7.8085642317%} BA{12.8463476071%} TRV{16.3727959698%} WBA{29.9748110831%} 
191,61694.42148712821654044092,35282.46016309272818034515,0.57189060716703499221,6,UNH{31.5789473684%} MRK{1.0025062657%} KO{7.7694235589%} BA{12.7819548872%} TRV{16.2907268170%} WBA{30.5764411028%} 
192,61707.91475737663859035820,35337.77520386590185808018,0.57266195661945584749,7,UNH{31.6708229426%} V{0.9975062344%} KO{7.4812967581%} GS{0.2493765586%} BA{12.4688279302%} TRV{15.9600997506%} WBA{31.1720698254%} 
193,61790.41426208663324359804,35631.59227121713047381490,0.57665242573199526621,5,UNH{30.6701030928%} KO{7.9896907216%} BA{12.8865979381%} TRV{16.4948453608%} WBA{31.9587628866%} 
194,62230.39797258985345251858,35633.72955602539150277153,0.57260970067587724230,6,UNH{26.9067796610%} CVX{13.5593220339%} KO{10.5932203390%} BA{8.2627118644%} TRV{13.7711864407%} WBA{26.9067796610%} 
195,62381.85444026930053951219,35646.78662337663263315335,0.57142877433226146877,7,UNH{26.9067796610%} CVX{13.5593220339%} KO{10.5932203390%} AMGN{0.2118644068%} BA{8.2627118644%} TRV{13.5593220339%} WBA{26.9067796610%} 
196,62432.29451390018948586658,35661.06536091818998102099,0.57119581521993334494,7,UNH{26.8498942918%} CVX{13.7420718816%} KO{10.5708245243%} AMGN{0.2114164905%} BA{8.2452431290%} TRV{13.5306553911%} WBA{26.8498942918%} 
197,62486.01608118772855959833,35678.15967079432448372245,0.57097830696131901540,7,UNH{26.7932489451%} CVX{13.9240506329%} KO{10.5485232068%} AMGN{0.2109704641%} BA{8.2278481013%} TRV{13.5021097046%} WBA{26.7932489451%} 
198,62601.53908541117561981082,35711.52303231652331305668,0.57045758864798945531,7,UNH{26.6806722689%} CVX{14.2857142857%} KO{10.5042016807%} AMGN{0.2100840336%} BA{8.1932773109%} TRV{13.4453781513%} WBA{26.6806722689%} 
199,63155.28731260935455793515,36111.98066747206030413508,0.57179663341127850984,8,UNH{31.7500000000%} JNJ{0.2500000000%} MRK{0.2500000000%} KO{7.2500000000%} GS{0.2500000000%} BA{12.5000000000%} TRV{16.0000000000%} WBA{31.7500000000%} 
200,64335.14373271004296839237,36955.60589549984433688223,0.57442330507626482294,8,UNH{26.4444444444%} CVX{14.2222222222%} KO{7.7777777778%} AMGN{0.2222222222%} AXP{0.2222222222%} BA{8.6666666667%} TRV{14.2222222222%} WBA{28.2222222222%} 
201,64910.68404577593901194632,37562.07347629114519804716,0.57867320347143214043,6,UNH{28.3482142857%} CVX{14.7321428571%} KO{7.1428571429%} BA{8.7053571429%} TRV{14.5089285714%} WBA{26.5625000000%} 
202,66030.88708304111787583679,38172.23759891271038213745,0.57809669512552386283,7,UNH{28.1596452328%} CVX{14.1906873614%} KO{3.9911308204%} AMGN{0.2217294900%} BA{8.6474501109%} TRV{17.7383592018%} WBA{27.0509977827%} 
203,66121.46548476268071681261,38428.74545756568113574758,0.58118411586659957102,7,UNH{28.6036036036%} CVX{14.4144144144%} KO{5.8558558559%} AMGN{0.2252252252%} BA{8.7837837838%} TRV{14.6396396396%} WBA{27.4774774775%} 
204,66726.35751403734320774674,38650.55571428575058234856,0.57923970608098551693,8,UNH{28.6681715576%} JNJ{1.8058690745%} CVX{14.4469525959%} KO{4.0632054176%} AMGN{0.2257336343%} BA{8.8036117381%} TRV{14.4469525959%} WBA{27.5395033860%} 
205,66980.26386611431371420622,38731.69805798855668399483,0.57825538184514579942,8,UNH{28.5393258427%} CVX{14.3820224719%} KO{4.0449438202%} AMGN{0.2247191011%} GS{0.2247191011%} BA{8.7640449438%} TRV{16.1797752809%} WBA{27.6404494382%} 
206,67186.67947986717626918107,38853.61911507095646811649,0.57829348638540234440,8,UNH{28.8636363636%} CVX{14.5454545455%} HD{0.9090909091%} KO{4.0909090909%} AMGN{0.2272727273%} BA{8.8636363636%} TRV{14.5454545455%} WBA{27.9545454545%} 
207,67231.39212509892240632325,39118.35254303835245082155,0.58184653487837911801,7,UNH{29.1284403670%} CVX{14.6788990826%} KO{4.1284403670%} AMGN{0.2293577982%} BA{8.9449541284%} TRV{15.5963302752%} WBA{27.2935779817%} 
208,67409.81261327724496368319,39201.56074599816929548979,0.58154086513922320645,7,UNH{28.3482142857%} CVX{14.2857142857%} KO{4.0178571429%} AMGN{0.2232142857%} BA{10.4910714286%} TRV{14.2857142857%} WBA{28.3482142857%} 
209,67435.35180036947713233531,39266.17485653878975426778,0.58227878713793035370,7,UNH{28.9293849658%} CVX{14.5785876993%} KO{4.1002277904%} AMGN{0.2277904328%} BA{8.8838268793%} TRV{15.4897494305%} WBA{27.7904328018%} 
210,67503.56834638370492029935,39305.73176079733821097761,0.58227635551214562692,7,UNH{29.4663573086%} CVX{14.8491879350%} KO{4.1763341067%} AMGN{0.2320185615%} BA{9.0487238979%} TRV{15.0812064965%} WBA{27.1461716937%} 
211,67605.32162858416268136352,39401.25051646026986418292,0.58281285507265534473,7,UNH{29.3302540416%} CVX{14.7806004619%} KO{4.1570438799%} AMGN{0.2309468822%} BA{9.0069284065%} TRV{15.0115473441%} WBA{27.4826789838%} 
212,67736.42158663984446320683,39498.47471458774816710502,0.58312018540965149249,7,UNH{29.3981481481%} CVX{14.8148148148%} KO{4.1666666667%} AMGN{0.2314814815%} BA{9.0277777778%} TRV{14.8148148148%} WBA{27.5462962963%} 
213,67805.36137886837241239846,39516.55411054064461495727,0.58279394589077482269,8,UNH{29.1284403670%} JNJ{0.2293577982%} CVX{14.6788990826%} KO{4.1284403670%} AMGN{0.2293577982%} BA{8.9449541284%} TRV{14.6788990826%} WBA{27.9816513761%} 
214,67967.62322516323183663189,39644.50556629411585163325,0.58328515379976941801,7,UNH{29.1954022989%} CVX{14.7126436782%} KO{4.1379310345%} AMGN{0.2298850575%} BA{8.9655172414%} TRV{14.7126436782%} WBA{28.0459770115%} 
215,67992.65296261572802904993,39651.88073995772720081732,0.58317890260524829493,7,UNH{29.1284403670%} CVX{14.9082568807%} KO{4.1284403670%} AMGN{0.2293577982%} BA{8.9449541284%} TRV{14.6788990826%} WBA{27.9816513761%} 
216,68057.14208951142791192979,39723.65760193296591751277,0.58368095371514205905,6,UNH{28.7981859410%} CVX{14.5124716553%} KO{4.3083900227%} BA{8.8435374150%} TRV{14.7392290249%} WBA{28.7981859410%} 
217,68163.52995208540232852101,39739.10761703413299983367,0.58299662069978153145,7,UNH{29.0617848970%} CVX{14.6453089245%} KO{4.1189931350%} AMGN{0.2288329519%} BA{8.9244851259%} TRV{14.6453089245%} WBA{28.3752860412%} 
218,68219.73832791759923566133,39742.18545152525621233508,0.58256138803249468694,7,UNH{28.8329519451%} CVX{14.6453089245%} KO{4.1189931350%} AMGN{0.2288329519%} BA{8.9244851259%} TRV{14.6453089245%} WBA{28.6041189931%} 
219,68275.42422074406931642443,39787.10742977953486843035,0.58274419945223931983,7,UNH{28.9954337900%} CVX{14.6118721461%} KO{4.1095890411%} AMGN{0.2283105023%} BA{8.9041095890%} TRV{14.6118721461%} WBA{28.5388127854%} 
220,68468.21148865262512117624,39837.01904560557886725292,0.58183233035388759458,7,UNH{28.7015945330%} CVX{14.5785876993%} KO{4.1002277904%} AMGN{0.2277904328%} BA{8.8838268793%} TRV{14.5785876993%} WBA{28.9293849658%} 
221,68508.96231670002453029156,39869.56275143459060927853,0.58196127051417656517,7,UNH{28.4424379233%} CVX{15.3498871332%} KO{4.0632054176%} AMGN{0.2257336343%} BA{8.8036117381%} TRV{14.4469525959%} WBA{28.6681715576%} 
222,68518.14286669022112619132,39879.56549078827083576471,0.58202928191411240633,7,UNH{28.8636363636%} CVX{14.5454545455%} KO{4.0909090909%} AMGN{0.2272727273%} BA{8.8636363636%} TRV{14.5454545455%} WBA{28.8636363636%} 
223,68538.15808028064202517271,39898.47456055572547484189,0.58213520290144848968,7,UNH{28.7330316742%} CVX{14.9321266968%} KO{4.0723981900%} AMGN{0.2262443439%} BA{8.8235294118%} TRV{14.4796380090%} WBA{28.7330316742%} 
224,68808.39690525076002813876,39937.55992751436133403331,0.58041695089203182434,7,UNH{27.8508771930%} CVX{17.9824561404%} KO{3.9473684211%} AMGN{0.2192982456%} BA{8.5526315789%} TRV{14.0350877193%} WBA{27.4122807018%} 
225,68935.73439199985295999795,39994.99188462700112722814,0.58017793293094310769,7,UNH{29.4663573086%} CVX{14.8491879350%} KO{4.1763341067%} AMGN{0.2320185615%} BA{8.1206496520%} TRV{14.8491879350%} WBA{28.3062645012%} 
226,68997.99280883642495609820,40135.66213530658569652587,0.58169318412645909522,8,UNH{29.7423887588%} CVX{14.9882903981%} HD{0.4683840749%} KO{2.3419203747%} AMGN{0.2341920375%} BA{9.1334894614%} TRV{15.2224824356%} WBA{27.8688524590%} 
227,69223.80760540529445279390,40379.03739051646698499098,0.58331141824338905710,7,UNH{30.1662707838%} CVX{15.2019002375%} KO{2.3752969121%} AMGN{0.2375296912%} BA{9.2636579572%} TRV{15.4394299287%} WBA{27.3159144893%} 
228,69261.05385684237990062684,40389.09160676529427291825,0.58314289716478528991,7,UNH{30.1435406699%} CVX{15.3110047847%} KO{2.3923444976%} AMGN{0.2392344498%} BA{9.3301435407%} TRV{15.3110047847%} WBA{27.2727272727%} 
229,69389.18108107130683492869,40523.05569918456603772938,0.58399674225639275349,7,UNH{29.9528301887%} CVX{15.0943396226%} KO{2.3584905660%} AMGN{0.2358490566%} BA{9.1981132075%} TRV{15.3301886792%} WBA{27.8301886792%} 
230,69463.45352089298830833286,40570.64412564178201137111,0.58405740096753289148,7,UNH{29.8823529412%} CVX{15.0588235294%} KO{2.3529411765%} AMGN{0.2352941176%} BA{9.1764705882%} TRV{15.2941176471%} WBA{28.0000000000%} 
231,69490.08170574469841085374,40577.68345212928397813812,0.58393489338457282845,7,UNH{29.8122065728%} CVX{15.2582159624%} KO{2.3474178404%} AMGN{0.2347417840%} BA{9.1549295775%} TRV{15.2582159624%} WBA{27.9342723005%} 
232,69639.90632715393439866602,40661.46636363634752342477,0.58388169238219755908,7,UNH{29.9528301887%} CVX{15.0943396226%} KO{2.3584905660%} AMGN{0.2358490566%} BA{8.9622641509%} TRV{15.3301886792%} WBA{28.0660377358%} 
233,69888.62020675842359196395,40810.18165206887351814657,0.58393171207753236107,7,UNH{29.7423887588%} CVX{14.9882903981%} KO{2.3419203747%} AMGN{0.2341920375%} BA{9.1334894614%} TRV{14.9882903981%} WBA{28.5714285714%} 
234,70067.97062289419409353286,40865.88511023855244275182,0.58323203522160982359,7,UNH{29.1284403670%} CVX{16.7431192661%} KO{2.2935779817%} AMGN{0.2293577982%} BA{8.9449541284%} TRV{14.6788990826%} WBA{27.9816513761%} 
235,70116.02660340929287485778,40901.13983086679218104109,0.58333510628336193715,7,UNH{29.6037296037%} CVX{14.9184149184%} KO{2.3310023310%} AMGN{0.2331002331%} BA{9.0909090909%} TRV{14.9184149184%} WBA{28.9044289044%} 
236,70238.92171199439326301217,40946.47959226821694755927,0.58295996855082654609,7,UNH{29.5348837209%} CVX{14.8837209302%} KO{2.3255813953%} AMGN{0.2325581395%} BA{9.0697674419%} TRV{14.8837209302%} WBA{29.0697674419%} 
237,70331.83557510728132911026,40967.34447296895814361051,0.58248649616459935441,7,UNH{29.8122065728%} CVX{15.2582159624%} KO{0.4694835681%} AMGN{0.2347417840%} BA{9.1549295775%} TRV{17.1361502347%} WBA{27.9342723005%} 
238,70528.69833662042219657451,41187.40279673813347471878,0.58398075915364666688,7,UNH{29.9528301887%} CVX{15.8018867925%} KO{1.4150943396%} AMGN{0.2358490566%} BA{9.1981132075%} TRV{15.3301886792%} WBA{28.0660377358%} 
239,71059.13707032969978172332,41400.87147991541860392317,0.58262558745878856303,8,UNH{30.2380952381%} V{0.4761904762%} CVX{15.4761904762%} KO{0.4761904762%} AMGN{0.2380952381%} BA{9.2857142857%} TRV{15.4761904762%} WBA{28.3333333333%} 
240,71076.50501449653529562056,41586.64480217456730315462,0.58509692891754716548,6,UNH{29.9043062201%} CVX{15.7894736842%} KO{0.4784688995%} BA{9.3301435407%} TRV{16.0287081340%} WBA{28.4688995215%} 
241,71249.15849338137195445597,41605.50299305348744383082,0.58394378085066633854,7,UNH{30.6763285024%} CVX{15.7004830918%} KO{0.4830917874%} AMGN{0.2415458937%} BA{9.4202898551%} TRV{15.7004830918%} WBA{27.7777777778%} 
242,71264.81854262136039324105,41631.45572636665747268125,0.58417963558650087830,7,UNH{30.3102625298%} CVX{15.5131264916%} KO{0.7159904535%} AMGN{0.2386634845%} BA{9.3078758950%} TRV{15.5131264916%} WBA{28.4009546539%} 
243,71494.27544713213865179569,41880.17020537603093544021,0.58578354621336292674,6,UNH{30.3827751196%} CVX{15.7894736842%} KO{0.4784688995%} BA{9.3301435407%} TRV{15.5502392344%} WBA{28.4688995215%} 
244,71841.57648817688459530473,42050.66383871943980921060,0.58532490368776646239,6,UNH{30.4556354916%} JNJ{0.2398081535%} CVX{15.8273381295%} BA{9.3525179856%} TRV{15.5875299760%} WBA{28.5371702638%} 
245,71951.83631212076579686254,42078.88044397463090717793,0.58482010468002698644,6,UNH{30.4556354916%} CVX{15.8273381295%} HON{0.2398081535%} BA{9.3525179856%} TRV{15.5875299760%} WBA{28.5371702638%} 
246,72032.85570439331058878452,42189.53109030504856491461,0.58569843827157741512,5,UNH{30.5288461538%} CVX{15.8653846154%} BA{9.3750000000%} TRV{15.6250000000%} WBA{28.6057692308%} 
247,72179.53545712464256212115,42204.38945333740412024781,0.58471406314892715450,6,UNH{30.0947867299%} CVX{15.6398104265%} KO{0.4739336493%} BA{9.2417061611%} TRV{15.1658767773%} WBA{29.3838862559%} 
248,72526.03861882793717086315,42247.73281485958432313055,0.58251813582290390414,5,UNH{29.2626728111%} CVX{19.3548387097%} BA{8.9861751152%} TRV{14.9769585253%} WBA{27.4193548387%} 
249,72656.05497404346533585340,42257.15829960737028159201,0.58160546033918070208,5,UNH{29.0617848970%} CVX{19.9084668192%} BA{8.9244851259%} TRV{14.8741418764%} WBA{27.2311212815%} 
250,72742.20893180988787207752,42513.39465720325824804604,0.58443914862492329920,5,UNH{30.2380952381%} CVX{15.7142857143%} BA{9.2857142857%} TRV{15.2380952381%} WBA{29.5238095238%} 
251,73125.66052377113373950124,42535.47099365755275357515,0.58167640044537372024,6,UNH{29.4663573086%} CVX{19.4895591647%} AMGN{0.2320185615%} BA{8.1206496520%} TRV{15.0812064965%} WBA{27.6102088167%} 
252,74145.23516025062417611480,42579.67401691336272051558,0.57427390883427109625,6,UNH{27.0212765957%} CVX{24.2553191489%} AMGN{0.2127659574%} BA{8.2978723404%} TRV{13.6170212766%} WBA{26.5957446809%} 
253,76237.19480544990801718086,42759.73678646936605218798,0.56087762535843765921,11,UNH{25.4504504505%} JNJ{0.2252252252%} CVX{27.4774774775%} KO{7.2072072072%} MCD{0.4504504505%} HON{0.9009009009%} IBM{0.2252252252%} GS{0.2252252252%} INTC{0.9009009009%} BA{8.5585585586%} WBA{28.3783783784%} 
254,77302.49583471752703189850,43127.80165206882520578802,0.55790956276860059759,6,UNH{36.9186046512%} CVX{23.5465116279%} INTC{0.2906976744%} BA{2.0348837209%} TRV{18.6046511628%} WBA{18.6046511628%} 
255,77648.63318088707455899566,43433.44492600423109252006,0.55935878259213467345,5,UNH{38.8379204893%} CVX{20.4892966361%} BA{1.5290519878%} TRV{19.5718654434%} WBA{19.5718654434%} 
256,77783.56730972099467180669,44942.13179401992238126695,0.57778440033571565326,6,UNH{32.8165374677%} CVX{16.5374677003%} KO{4.6511627907%} AMGN{0.2583979328%} BA{14.2118863049%} WBA{31.5245478036%} 
257,79320.40840368135832250118,45433.05440652371908072382,0.57277887646901115559,8,UNH{28.9293849658%} CVX{25.5125284738%} MCD{0.4555808656%} IBM{0.2277904328%} INTC{0.9111617312%} BA{8.6560364465%} TRV{7.2892938497%} WBA{28.0182232346%} 
258,81004.62122366682160645723,47087.24705527030164375901,0.58129087382872668410,7,UNH{34.4173441734%} CVX{17.3441734417%} KO{2.7100271003%} AMGN{0.2710027100%} BA{12.7371273713%} TRV{0.2710027100%} WBA{32.2493224932%} 
259,82856.13363445934373885393,47424.12977348236017860472,0.57236715851002450961,8,UNH{28.2973621103%} CVX{27.3381294964%} MCD{0.4796163070%} IBM{0.2398081535%} INTC{0.9592326139%} BA{9.1127098321%} TRV{3.1175059952%} WBA{30.4556354916%} 
260,83230.48607123155670706183,47762.18316822711494751275,0.57385443030274474463,8,UNH{29.7169811321%} CVX{26.8867924528%} MCD{0.4716981132%} IBM{0.2358490566%} INTC{0.9433962264%} BA{8.9622641509%} TRV{2.8301886792%} WBA{29.9528301887%} 
261,83754.25920060860516969115,47781.50534581698593683541,0.57049642372658915246,9,UNH{30.1662707838%} CVX{27.0783847981%} HD{0.9501187648%} MCD{0.4750593824%} IBM{0.2375296912%} INTC{0.9501187648%} BA{9.0261282660%} TRV{0.9501187648%} WBA{30.1662707838%} 
262,83849.10599392339645419270,48008.49101781936042243615,0.57255817398099118076,9,UNH{30.4347826087%} JNJ{0.9661835749%} CVX{27.0531400966%} MCD{0.4830917874%} IBM{0.2415458937%} INTC{0.9661835749%} BA{9.1787439614%} TRV{0.9661835749%} WBA{29.7101449275%} 
263,83922.41121383638528641313,48168.10774086378660285845,0.57396000715625594690,6,UNH{40.8360128617%} CVX{27.0096463023%} KO{5.1446945338%} INTC{0.3215434084%} BA{4.8231511254%} WBA{21.8649517685%} 
264,83991.49555148751824162900,48300.74672908487264066935,0.57506711140148814021,5,UNH{43.3447098976%} CVX{24.2320819113%} KO{5.4607508532%} BA{5.1194539249%} WBA{21.8430034130%} 
265,84213.53993401001207530499,48721.01054666264826664701,0.57854129614834604034,5,UNH{42.5000000000%} CVX{24.2857142857%} KO{4.2857142857%} BA{6.0714285714%} WBA{22.8571428571%} 
266,85312.40589044788794126362,49410.87057988526066765189,0.57917567866196595361,6,UNH{43.7931034483%} CVX{23.1034482759%} INTC{0.3448275862%} BA{5.1724137931%} TRV{5.5172413793%} WBA{22.0689655172%} 
267,85486.34397711690689902753,49535.34907278772152494639,0.57945335790763730088,5,UNH{44.0972222222%} CVX{22.9166666667%} BA{5.2083333333%} TRV{5.5555555556%} WBA{22.2222222222%} 
268,86138.14005969867866951972,50146.99122319541493197903,0.58216942214494848962,4,UNH{41.7763157895%} CVX{20.3947368421%} BA{10.8552631579%} WBA{26.9736842105%} 
269,87421.76407618906523566693,50385.19084264574485132471,0.57634607783405600312,5,UNH{45.1957295374%} CVX{23.8434163701%} KO{2.8469750890%} BA{5.3380782918%} WBA{22.7758007117%} 
270,88379.98016499244840815663,50571.45261250374460360035,0.57220484229679924315,5,UNH{41.8367346939%} CVX{27.5510204082%} INTC{0.3401360544%} BA{7.8231292517%} WBA{22.4489795918%} 
271,88462.51601946991286240518,51163.93415886438015149906,0.57836851653194665257,4,UNH{45.6834532374%} CVX{23.0215827338%} BA{8.2733812950%} WBA{23.0215827338%} 
272,88881.63764168333727866411,51521.50659921470651170239,0.57966423623873875037,4,UNH{46.0144927536%} CVX{23.1884057971%} BA{7.6086956522%} WBA{23.1884057971%} 
273,89337.04583011927024926990,51541.31740561765036545694,0.57693106959935880340,5,UNH{39.4190871369%} CVX{27.3858921162%} INTC{0.4149377593%} BA{6.2240663900%} WBA{26.5560165975%} 
274,89507.68291325260361190885,51594.92202959831774933264,0.57643009348819951310,5,UNH{39.7849462366%} CVX{30.1075268817%} INTC{0.3584229391%} BA{5.3763440860%} WBA{24.3727598566%} 
275,89760.04255257605109363794,51830.12306553910457296297,0.57742979606075972576,4,UNH{43.7931034483%} CVX{27.5862068966%} BA{5.8620689655%} WBA{22.7586206897%} 
276,90072.38223711668979376554,51908.74068559346778783947,0.57630029756449707712,5,UNH{42.2680412371%} CVX{28.8659793814%} INTC{0.3436426117%} BA{5.1546391753%} WBA{23.3676975945%} 
277,90229.91801104685873724520,51977.50333434008643962443,0.57605619599450896828,5,UNH{42.9054054054%} CVX{28.7162162162%} INTC{0.3378378378%} BA{5.0675675676%} WBA{22.9729729730%} 
278,90264.81952134300081524998,52005.43645122318412177265,0.57614291732923217371,5,UNH{43.0508474576%} CVX{28.4745762712%} INTC{0.3389830508%} BA{5.0847457627%} WBA{23.0508474576%} 
279,90465.78511085898207966238,52076.69382965868135215715,0.57565071442029303039,5,UNH{46.0144927536%} CVX{23.9130434783%} INTC{1.4492753623%} BA{5.4347826087%} WBA{23.1884057971%} 
280,90493.89599729205656331033,52151.10120507403189549223,0.57629413155816167080,5,UNH{43.7931034483%} CVX{27.2413793103%} INTC{0.3448275862%} BA{5.1724137931%} WBA{23.4482758621%} 
281,90762.16668938702787272632,52213.62430383569153491408,0.57527961493608903432,5,UNH{47.2118959108%} CVX{22.3048327138%} MCD{0.3717472119%} BA{6.3197026022%} WBA{23.7918215613%} 
282,90842.86296554695582017303,52327.60005134400853421539,0.57602323774394648126,5,UNH{46.3503649635%} CVX{24.4525547445%} BA{5.4744525547%} TRV{0.3649635036%} WBA{23.3576642336%} 
283,90910.95186279513291083276,52404.63665961946389870718,0.57643920326243780483,5,UNH{46.3503649635%} CVX{24.4525547445%} INTC{0.3649635036%} BA{5.4744525547%} WBA{23.3576642336%} 
284,90986.91083605439052917063,52435.77612503778073005378,0.57630021332980163606,5,UNH{46.5201465201%} CVX{24.1758241758%} INTC{0.3663003663%} BA{5.4945054945%} WBA{23.4432234432%} 
285,91100.40432533726561814547,52466.75932648744492325932,0.57592235418756698717,5,UNH{46.3503649635%} CVX{24.0875912409%} INTC{0.3649635036%} BA{5.4744525547%} WBA{23.7226277372%} 
286,91221.83542141687939874828,52508.77336756263684947044,0.57561627788991776011,4,UNH{46.2962962963%} CVX{24.4444444444%} BA{5.5555555556%} WBA{23.7037037037%} 
287,91244.69344547155196778476,52525.30028692235646303743,0.57565320572107392394,4,UNH{46.5201465201%} CVX{24.5421245421%} BA{5.4945054945%} WBA{23.4432234432%} 
288,91332.29094417835585772991,52558.67787375410989625379,0.57546654453108592175,4,UNH{46.6911764706%} CVX{24.2647058824%} BA{5.5147058824%} WBA{23.5294117647%} 
289,91519.13854148735117632896,52625.27858350953465560451,0.57501938307312083776,4,UNH{47.0370370370%} CVX{23.7037037037%} BA{5.5555555556%} WBA{23.7037037037%} 
290,92664.18919465622457209975,52948.09261854425130877644,0.57139757093560872292,5,UNH{47.5655430712%} CVX{23.2209737828%} INTC{0.3745318352%} BA{4.8689138577%} WBA{23.9700374532%} 
291,93485.25904283449926879257,52964.85961340987705625594,0.56655840884113750633,5,UNH{44.0972222222%} CVX{30.2083333333%} INTC{1.0416666667%} BA{2.4305555556%} WBA{22.2222222222%} 
292,93750.89049074258946347982,53065.16028088191524147987,0.56602299992149751606,5,UNH{44.5614035088%} CVX{29.4736842105%} INTC{1.0526315789%} BA{2.4561403509%} WBA{22.4561403509%} 
293,93983.66807111063099000603,53133.84020537600008537993,0.56535184565443297178,5,UNH{44.0972222222%} CVX{30.9027777778%} INTC{0.3472222222%} BA{2.4305555556%} WBA{22.2222222222%} 
294,94172.98075228360539767891,53200.30196919354057172313,0.56492107974296523754,5,UNH{44.4055944056%} CVX{30.4195804196%} INTC{0.3496503497%} BA{2.4475524476%} WBA{22.3776223776%} 
295,94379.29063808967475779355,53268.16296587131364503875,0.56440520590619169816,5,UNH{44.7183098592%} CVX{29.9295774648%} INTC{0.3521126761%} BA{2.4647887324%} WBA{22.5352112676%} 
296,94489.14216591071453876793,53302.61585019630001625046,0.56411366034632637323,5,UNH{44.8763250883%} CVX{29.6819787986%} INTC{0.3533568905%} BA{2.4734982332%} WBA{22.6148409894%} 
297,94841.25350406664074398577,53406.96617940202122554183,0.56311957303592596880,5,UNH{45.3571428571%} CVX{28.9285714286%} INTC{0.3571428571%} BA{2.5000000000%} WBA{22.8571428571%} 
298,94975.44773294190235901624,53423.24099063724861480296,0.56249527921001407638,4,UNH{45.0354609929%} CVX{29.7872340426%} BA{2.4822695035%} WBA{22.6950354610%} 
299,95100.02081455822917632759,53477.87653578979370649904,0.56233296352342354574,5,UNH{45.6834532374%} CVX{28.4172661871%} INTC{0.3597122302%} BA{2.5179856115%} WBA{23.0215827338%} 
300,95358.24122344744682777673,53529.93612805798329645768,0.56135616011021405303,4,UNH{45.5197132616%} CVX{29.0322580645%} BA{2.5089605735%} WBA{22.9390681004%} 
301,95494.65573455960839055479,53565.33634551493014441803,0.56092496416141934823,4,UNH{45.6834532374%} CVX{28.7769784173%} BA{2.5179856115%} WBA{23.0215827338%} 
302,95634.78305743205419275910,53600.44192086985276546329,0.56047015748110073918,4,UNH{45.8483754513%} CVX{28.5198555957%} BA{2.5270758123%} WBA{23.1046931408%} 
303,95895.46934574528131633997,53612.59065841136180097237,0.55907323906111172640,5,UNH{47.5655430712%} CVX{24.3445692884%} INTC{1.4981273408%} BA{2.6217228464%} WBA{23.9700374532%} 
304,95954.84778195396938826889,53632.51298701295309001580,0.55893489726424749886,5,UNH{45.0354609929%} CVX{30.1418439716%} INTC{0.3546099291%} BA{1.7730496454%} WBA{22.6950354610%} 
305,96107.77615778820472769439,53640.04343702812184346840,0.55812386449315776193,5,UNH{45.1957295374%} CVX{28.8256227758%} INTC{0.3558718861%} BA{2.1352313167%} WBA{23.4875444840%} 
306,96316.77809489530045539141,53771.68888251284079160541,0.55827956401879152981,5,UNH{47.0370370370%} CVX{26.2962962963%} INTC{0.3703703704%} BA{2.5925925926%} WBA{23.7037037037%} 
307,96465.27460393437650054693,53794.39834189066459657624,0.55765557671150445262,5,UNH{47.5655430712%} CVX{25.0936329588%} INTC{0.7490636704%} BA{2.6217228464%} WBA{23.9700374532%} 
308,96756.35734866790880914778,53861.09064028996363049373,0.55666720116589318845,4,UNH{47.0370370370%} CVX{26.6666666667%} BA{2.5925925926%} WBA{23.7037037037%} 
309,96933.67284699439187534153,53898.12667170034546870738,0.55603099613047990424,4,UNH{47.2118959108%} CVX{26.3940520446%} BA{2.6022304833%} WBA{23.7918215613%} 
310,97043.46516617754241451621,53923.54279069764015730470,0.55566382237442568659,5,UNH{47.7443609023%} CVX{25.1879699248%} INTC{0.3759398496%} BA{2.6315789474%} WBA{24.0601503759%} 
311,97215.85951427972759120166,53924.50348233163822442293,0.55468833739427914065,4,UNH{47.0370370370%} CVX{26.2962962963%} BA{2.5925925926%} WBA{24.0740740741%} 
312,97240.44161257923406083137,53963.31400785261212149635,0.55494723299232529001,5,UNH{47.9245283019%} CVX{24.9056603774%} INTC{0.3773584906%} BA{2.6415094340%} WBA{24.1509433962%} 
313,97437.13447443548648152500,54000.02643008152517722920,0.55420376144425176346,5,UNH{48.1060606061%} CVX{24.6212121212%} INTC{0.3787878788%} BA{2.6515151515%} WBA{24.2424242424%} 
314,97507.27555786546145100147,54014.51705527026933850721,0.55395371008202853869,4,UNH{47.7443609023%} CVX{25.5639097744%} BA{2.6315789474%} WBA{24.0601503759%} 
315,97648.01910450815921649337,54042.14062518874561646953,0.55343816618901342519,5,UNH{48.2889733840%} CVX{24.3346007605%} INTC{0.3802281369%} BA{2.6615969582%} WBA{24.3346007605%} 
316,97710.99544457437878008932,54055.35971307758154580370,0.55321675382725954417,4,UNH{47.9245283019%} CVX{25.2830188679%} BA{2.6415094340%} WBA{24.1509433962%} 
317,97913.78092483329237438738,54092.47623074597504455596,0.55245008128398009895,4,UNH{48.1060606061%} CVX{25.0000000000%} BA{2.6515151515%} WBA{24.2424242424%} 
318,98078.09925119728723075241,54121.36061310779041377828,0.55181902000866012159,5,UNH{48.6590038314%} CVX{23.7547892720%} INTC{0.3831417625%} BA{2.6819923372%} WBA{24.5210727969%} 
319,98130.30526472807105164975,54134.28330111745890462771,0.55165713746714972743,4,UNH{48.2889733840%} CVX{24.7148288973%} BA{2.6615969582%} WBA{24.3346007605%} 
320,98299.59905841498402878642,54158.43263968588871648535,0.55095273183669846162,5,UNH{47.3880597015%} CVX{26.4925373134%} INTC{0.3731343284%} BA{1.8656716418%} WBA{23.8805970149%} 
321,98347.34371531245415098965,54173.69892177586007164791,0.55084048918080885660,4,UNH{48.4732824427%} CVX{24.4274809160%} BA{2.6717557252%} WBA{24.4274809160%} 
322,98776.31536371666879858822,54250.20561461793113267049,0.54922281130710781660,4,UNH{48.1060606061%} CVX{25.3787878788%} BA{2.2727272727%} WBA{24.2424242424%} 
323,98803.66502798815781716257,54255.35885835094813955948,0.54912293833413983180,4,UNH{48.8461538462%} CVX{23.8461538462%} BA{2.6923076923%} WBA{24.6153846154%} 
324,99001.74384361869306303561,54289.18657505283772479743,0.54836596273301030369,4,UNH{47.5655430712%} CVX{26.5917602996%} BA{1.8726591760%} WBA{23.9700374532%} 
325,99283.74757008676533587277,54337.58027484142803587019,0.54729582237498874964,4,UNH{49.2248062016%} CVX{23.2558139535%} BA{2.7131782946%} WBA{24.8062015504%} 
326,99617.83827342826407402754,54399.18471760795364389196,0.54607875115995374582,5,UNH{48.4732824427%} CVX{24.8091603053%} INTC{0.3816793893%} BA{1.9083969466%} WBA{24.4274809160%} 
327,99669.35510600975248962641,54408.60234370279795257375,0.54589098410271674755,4,UNH{48.1060606061%} CVX{25.7575757576%} BA{1.8939393939%} WBA{24.2424242424%} 
328,99860.48181511697475798428,54441.33149501658044755459,0.54517393172416273028,5,UNH{48.6590038314%} CVX{24.5210727969%} INTC{0.3831417625%} BA{1.9157088123%} WBA{24.5210727969%} 
329,99908.57762264835764653981,54451.68038356988836312667,0.54501506956922374236,4,UNH{48.2889733840%} CVX{25.4752851711%} BA{1.9011406844%} WBA{24.3346007605%} 
330,100356.22864573272818233818,54523.73063726970576681197,0.54330190933881927773,5,UNH{49.0347490347%} CVX{23.9382239382%} INTC{0.3861003861%} BA{1.9305019305%} WBA{24.7104247104%} 
331,100393.23829332116292789578,54534.28236182420369004831,0.54320672675673808971,4,UNH{48.6590038314%} CVX{24.9042145594%} BA{1.9157088123%} WBA{24.5210727969%} 
332,100506.56576707211206667125,54550.71113862877973588184,0.54275768674707458583,5,UNH{47.7443609023%} CVX{26.6917293233%} INTC{0.3759398496%} BA{1.1278195489%} WBA{24.0601503759%} 
333,100647.15203274018131196499,54576.60070975538110360503,0.54225678131460486320,4,UNH{48.8461538462%} CVX{24.6153846154%} BA{1.9230769231%} WBA{24.6153846154%} 
334,100880.92007242870749905705,54610.10451525215466972440,0.54133233991169149579,5,UNH{49.4163424125%} CVX{23.3463035019%} INTC{0.3891050584%} BA{1.9455252918%} WBA{24.9027237354%} 
335,101882.83619081412325613201,54617.02171851403545588255,0.53607676975367091199,5,UNH{48.2889733840%} CVX{23.5741444867%} INTC{0.3802281369%} BA{1.9011406844%} WBA{25.8555133080%} 
336,101942.16156214853981509805,54706.01485955898533575237,0.53663777598248918466,4,UNH{46.1818181818%} CVX{29.4545454545%} BA{0.3636363636%} WBA{24.0000000000%} 
337,101979.78330955479759722948,54788.43426155238557839766,0.53724799645087195632,4,UNH{47.0370370370%} CVX{28.8888888889%} BA{0.3703703704%} WBA{23.7037037037%} 
338,102439.57741943640576209873,54808.41080036239873152226,0.53503159795311017177,5,UNH{51.8367346939%} CVX{18.7755102041%} INTC{0.4081632653%} BA{2.8571428571%} WBA{26.1224489796%} 
339,102468.69234924374904949218,54871.33068257327249739319,0.53549361687524488218,4,UNH{47.3880597015%} CVX{28.3582089552%} BA{0.3731343284%} WBA{23.8805970149%} 
340,103709.13511158367327880114,54938.30779824827186530456,0.52973450929986587443,4,UNH{53.5864978903%} CVX{15.6118143460%} BA{3.7974683544%} WBA{27.0042194093%} 
341,103997.89963273942703381181,54974.69298097252612933517,0.52861349291775527881,5,UNH{48.8461538462%} CVX{23.8461538462%} INTC{1.5384615385%} BA{0.3846153846%} WBA{25.3846153846%} 
342,104083.33057415610528551042,55048.96342796739918412641,0.52889317745983099872,4,UNH{52.4793388430%} CVX{18.1818181818%} BA{2.8925619835%} WBA{26.4462809917%} 
343,104668.22079109586775302887,55217.81344306852406589314,0.52755089391722909120,4,UNH{48.8461538462%} CVX{26.1538461538%} BA{0.3846153846%} WBA{24.6153846154%} 
344,104969.38696177970268763602,55261.86783751131588360295,0.52645699319586058973,4,UNH{49.0347490347%} CVX{25.8687258687%} BA{0.3861003861%} WBA{24.7104247104%} 
345,105359.21868575995904393494,55301.57218061008461518213,0.52488593661225091402,5,UNH{50.0000000000%} CVX{23.6220472441%} INTC{0.7874015748%} BA{0.3937007874%} WBA{25.1968503937%} 
346,105599.87888543985900469124,55353.37868921773042529821,0.52418032362771838084,4,UNH{49.4163424125%} CVX{25.2918287938%} BA{0.3891050584%} WBA{24.9027237354%} 
347,105921.09396844251023139805,55398.83231652066751848906,0.52301982769386667904,4,UNH{49.6093750000%} CVX{25.0000000000%} BA{0.3906250000%} WBA{25.0000000000%} 
348,106588.15123216554638929665,55492.69250075504533015192,0.52062721662076061335,4,UNH{50.0000000000%} CVX{24.4094488189%} BA{0.3937007874%} WBA{25.1968503937%} 
349,106929.78088635277526918799,55538.94013289033318869770,0.51939637089426271555,4,UNH{50.1976284585%} CVX{24.1106719368%} BA{0.3952569170%} WBA{25.2964426877%} 
350,107281.58037916850298643112,55587.17628209002577932552,0.51814277982880752038,4,UNH{50.3968253968%} CVX{23.8095238095%} BA{0.3968253968%} WBA{25.3968253968%} 
351,109140.13107756030512973666,55829.17348535179189639166,0.51153661750393952801,4,UNH{51.4170040486%} CVX{22.2672064777%} BA{0.4048582996%} WBA{25.9109311741%} 
352,111045.89804658723005559295,55955.89906372698897030205,0.50389883866085483088,4,UNH{54.9783549784%} CVX{15.1515151515%} BA{2.1645021645%} WBA{27.7056277056%} 
353,111539.76016390581207815558,56089.77372999091312522069,0.50286797862545096205,5,UNH{53.3613445378%} CVX{18.4873949580%} INTC{0.8403361345%} BA{0.4201680672%} WBA{26.8907563025%} 
354,112683.75628397139371372759,56148.43538508006167830899,0.49828331284574728377,5,UNH{54.5064377682%} CVX{15.8798283262%} INTC{1.7167381974%} BA{0.4291845494%} WBA{27.4678111588%} 
355,113692.11212931598129216582,56316.73213228632084792480,0.49534423345245265358,4,UNH{54.9783549784%} CVX{16.0173160173%} BA{1.2987012987%} WBA{27.7056277056%} 
356,113927.77185292361536994576,56401.87376925393618876114,0.49506694330919237546,4,UNH{53.8135593220%} CVX{18.6440677966%} BA{0.4237288136%} WBA{27.1186440678%} 
357,115121.73814100105664692819,56516.03497130777395796031,0.49092409378050699820,5,UNH{54.7413793103%} CVX{16.8103448276%} INTC{0.4310344828%} BA{0.4310344828%} WBA{27.5862068966%} 
358,116444.71632182561734225601,56678.23254605859256116673,0.48673941022290251324,4,UNH{54.9783549784%} CVX{16.8831168831%} BA{0.4329004329%} WBA{27.7056277056%} 
359,117517.85212296099052764475,56793.15469948656391352415,0.48327257240936372096,4,UNH{55.4585152838%} CVX{16.1572052402%} BA{0.4366812227%} WBA{27.9475982533%} 
360,118068.33801823748217429966,56850.32234672305639833212,0.48150353685796476455,4,UNH{55.7017543860%} CVX{15.7894736842%} BA{0.4385964912%} WBA{28.0701754386%} 
361,124664.38744371836946811527,57323.97870431892079068348,0.45982641779071592447,4,UNH{61.0576923077%} CVX{5.7692307692%} BA{2.4038461538%} WBA{30.7692307692%} 
362,126366.01259518219740130007,57523.45387496222247136757,0.45521301727894630806,5,UNH{60.4761904762%} CVX{6.6666666667%} INTC{1.9047619048%} BA{0.4761904762%} WBA{30.4761904762%} 
363,128639.05407884690794162452,57823.21630625188845442608,0.44949970069595057698,5,UNH{60.7655502392%} CVX{7.1770334928%} INTC{0.9569377990%} BA{0.4784688995%} WBA{30.6220095694%} 
364,130935.95824868102499749511,57838.80637571727129397914,0.44173355546737219646,5,UNH{61.0576923077%} CVX{7.2115384615%} BA{0.4807692308%} MMM{0.4807692308%} WBA{30.7692307692%} 
365,131086.51817729309550486505,57907.76604651160596404225,0.44175226294585062670,5,UNH{61.0576923077%} CVX{7.2115384615%} BA{0.4807692308%} TRV{0.4807692308%} WBA{30.7692307692%} 
366,132057.16375190101098269224,58196.08368166715081315488,0.44068857779651804396,4,UNH{61.3526570048%} CVX{7.2463768116%} BA{0.4830917874%} WBA{30.9178743961%} 
367,132851.62555963904014788568,58264.93511929932719795033,0.43857148810831331209,4,UNH{61.6504854369%} CVX{6.7961165049%} BA{0.4854368932%} WBA{31.0679611650%} 
368,133664.23779149053734727204,58338.18246753245330182835,0.43645318621826934002,4,UNH{61.9512195122%} CVX{6.3414634146%} BA{0.4878048780%} WBA{31.2195121951%} 
369,134481.16337048352579586208,58410.39139836908725555986,0.43433883180690296966,4,UNH{62.2549019608%} CVX{5.8823529412%} BA{0.4901960784%} WBA{31.3725490196%} 
370,135215.53300390194635838270,58420.66655995165638159961,0.43205588338926859127,4,UNH{61.9512195122%} CVX{5.8536585366%} BA{0.4878048780%} WBA{31.7073170732%} 
371,135941.12947313493350520730,58429.65317728781519690529,0.42981585781832748472,4,UNH{61.6504854369%} CVX{5.8252427184%} BA{0.4854368932%} WBA{32.0388349515%} 
372,136849.40247555845417082310,58583.74181516158569138497,0.42808913123040304161,5,UNH{63.5000000000%} CVX{3.5000000000%} INTC{0.5000000000%} BA{0.5000000000%} WBA{32.0000000000%} 
373,137894.63339328410802409053,58704.85918755664170021191,0.42572258066147300459,4,UNH{63.5000000000%} CVX{4.0000000000%} BA{0.5000000000%} WBA{32.0000000000%} 
374,138789.19920888397609815001,58782.80359710055927280337,0.42354018851733410411,4,UNH{63.8190954774%} CVX{3.5175879397%} BA{0.5025125628%} WBA{32.1608040201%} 
375,141792.13211670212331227958,58818.28747810333152301610,0.41482053058975720816,4,UNH{62.5615763547%} CVX{3.4482758621%} BA{0.4926108374%} WBA{33.4975369458%} 
376,144778.45879631282878108323,58850.86714889761060476303,0.40648911197275711116,4,UNH{61.3526570048%} CVX{3.3816425121%} BA{0.4830917874%} WBA{34.7826086957%} 
377,151414.98393442208180204034,58919.56908184837811859325,0.38912640975721712877,4,UNH{58.7962962963%} CVX{3.2407407407%} BA{0.4629629630%} WBA{37.5000000000%} 
378,162024.74842260289005935192,59026.36381757780327461660,0.36430461637639222072,4,UNH{54.9783549784%} CVX{3.0303030303%} BA{0.4329004329%} WBA{41.5584415584%} 


time:,0.05241979900000000303 s
fitness:,250100
#in front:,378
generation:,250
N (#sub_problem):,100
H (#lambda),99
T (#neighbor):,10
