Non-Dominant Set,Risk,Profit,TrendRaio,a,b,# of Portfolio,Portfolio{%}
1,29712.421493529207509709522128105164,1652.336117311906264149001799523830,0.055610954417557423301587959941,-634.802267244223116904322523623705,21542.807157630897563649341464042664,19,MSFT{7.6923076923%} UNH{5.9440559441%} JNJ{1.0489510490%} V{0.5244755245%} WMT{22.0279720280%} JPM{0.8741258741%} CVX{13.2867132867%} HD{0.1748251748%} CSCO{0.6993006993%} NKE{0.5244755245%} AMGN{15.3846153846%} HON{0.5244755245%} CRM{22.2027972028%} GS{0.5244755245%} CAT{1.3986013986%} INTC{0.1748251748%} BA{6.1188811189%} TRV{0.1748251748%} DD{0.6993006993%} 
2,30623.154992748979566385969519615173,1772.830519022928001504624262452126,0.057891831179468701551460441124,-650.999250299194159197213593870401,22170.807028397677640896290540695190,18,MSFT{8.2437275986%} UNH{0.3584229391%} V{1.2544802867%} WMT{22.5806451613%} JPM{0.7168458781%} CVX{19.3548387097%} HD{0.8960573477%} KO{0.7168458781%} CSCO{1.0752688172%} NKE{0.5376344086%} AMGN{15.9498207885%} HON{0.7168458781%} CRM{22.7598566308%} GS{0.5376344086%} INTC{0.1792114695%} BA{0.5376344086%} MMM{2.8673835125%} DD{0.7168458781%} 
3,30694.446471764691523276269435882568,2374.944664930285398440901190042496,0.077373757728941533473587810477,-621.248609417988973291357979178429,21840.734426693939894903451204299927,19,MSFT{9.0196078431%} UNH{0.3921568627%} V{1.3725490196%} WMT{24.7058823529%} JPM{0.7843137255%} CVX{21.1764705882%} HD{0.9803921569%} KO{0.7843137255%} CSCO{1.1764705882%} NKE{0.5882352941%} VZ{3.1372549020%} AMGN{4.9019607843%} HON{0.7843137255%} CRM{24.9019607843%} GS{0.5882352941%} INTC{0.1960784314%} BA{0.5882352941%} MMM{3.1372549020%} DD{0.7843137255%} 
4,30711.555060734008293366059660911560,2484.897144380035115318605676293373,0.080910821333077947992151734979,-630.621025319807131381821818649769,22244.355937733991595450788736343384,19,MSFT{8.1481481481%} UNH{6.2962962963%} JNJ{1.1111111111%} V{0.5555555556%} WMT{23.3333333333%} JPM{0.9259259259%} CVX{14.0740740741%} HD{0.1851851852%} CSCO{0.7407407407%} NKE{0.5555555556%} AMGN{10.3703703704%} HON{0.5555555556%} CRM{23.5185185185%} GS{0.5555555556%} CAT{1.4814814815%} INTC{0.1851851852%} BA{6.4814814815%} TRV{0.1851851852%} DD{0.7407407407%} 
5,30713.516800457909994293004274368286,2634.681423361984343500807881355286,0.085782472924842770312103823471,-647.674196732099971995921805500984,22928.472920967782556544989347457886,18,MSFT{8.7452471483%} UNH{0.3802281369%} V{1.3307984791%} WMT{23.9543726236%} JPM{0.7604562738%} CVX{20.5323193916%} HD{0.9505703422%} KO{0.7604562738%} CSCO{1.1406844106%} NKE{0.5703422053%} AMGN{10.8365019011%} HON{0.7604562738%} CRM{24.1444866920%} GS{0.5703422053%} INTC{0.1901140684%} BA{0.5703422053%} MMM{3.0418250951%} DD{0.7604562738%} 
6,31107.352953903849993366748094558716,2831.867006017829680786235257983208,0.091035293495213373549113100580,-619.289312350711952603887766599655,22236.265459673471923451870679855347,19,MSFT{1.9867549669%} UNH{5.6291390728%} JNJ{0.9933774834%} V{11.0927152318%} WMT{20.8609271523%} JPM{0.8278145695%} CVX{12.5827814570%} HD{0.1655629139%} CSCO{0.6622516556%} NKE{0.4966887417%} AMGN{14.5695364238%} HON{0.4966887417%} CRM{21.0264900662%} GS{0.4966887417%} CAT{1.3245033113%} INTC{0.1655629139%} BA{5.7947019868%} TRV{0.1655629139%} DD{0.6622516556%} 
7,31149.674462568149465369060635566711,2981.494651383911786979297176003456,0.095715114293303635295551146100,-632.203061138485281844623386859894,22790.523900389784103026613593101501,19,MSFT{9.1633466135%} UNH{0.3984063745%} V{1.3944223108%} WMT{25.0996015936%} JPM{0.7968127490%} CVX{21.5139442231%} HD{0.9960159363%} KO{0.7968127490%} CSCO{1.1952191235%} NKE{0.5976095618%} VZ{1.5936254980%} AMGN{4.9800796813%} HON{0.7968127490%} CRM{25.2988047809%} GS{0.5976095618%} INTC{0.1992031873%} BA{0.5976095618%} MMM{3.1872509960%} DD{0.7968127490%} 
8,31193.646673136950994376093149185181,3129.992315582599530898733064532280,0.100340699129546032097870522648,-626.145716707110750576248392462730,22749.224772405403200536966323852539,19,MSFT{8.7452471483%} UNH{0.3802281369%} JNJ{6.0836501901%} V{1.3307984791%} WMT{23.9543726236%} JPM{0.7604562738%} CVX{20.5323193916%} HD{0.9505703422%} KO{0.7604562738%} CSCO{1.1406844106%} NKE{0.5703422053%} AMGN{4.7528517110%} HON{0.7604562738%} CRM{24.1444866920%} GS{0.5703422053%} INTC{0.1901140684%} BA{0.5703422053%} MMM{3.0418250951%} DD{0.7604562738%} 
9,31208.951882573070179205387830734253,3407.054320008805916586425155401230,0.109169136241043990276367026127,-531.082671984432749923144001513720,20047.644708854364580474793910980225,18,MSFT{6.9620253165%} UNH{5.3797468354%} JNJ{0.9493670886%} V{10.6012658228%} WMT{19.9367088608%} JPM{0.7911392405%} CVX{12.0253164557%} HD{0.1582278481%} NKE{0.4746835443%} AMGN{13.9240506329%} HON{0.4746835443%} CRM{20.0949367089%} GS{0.4746835443%} CAT{1.2658227848%} INTC{0.1582278481%} BA{5.5379746835%} TRV{0.1582278481%} DD{0.6329113924%} 
10,31314.896653482719557359814643859863,3453.023458644960555830039083957672,0.110267758404399174310128728393,-534.126366532854717661393806338310,20188.982943341074133059009909629822,18,MSFT{6.9291338583%} UNH{5.3543307087%} JNJ{0.9448818898%} V{10.5511811024%} WMT{19.8425196850%} JPM{0.7874015748%} CVX{11.9685039370%} HD{0.1574803150%} CSCO{0.6299212598%} NKE{0.4724409449%} AMGN{13.8582677165%} HON{0.4724409449%} CRM{20.0000000000%} GS{0.4724409449%} CAT{1.2598425197%} INTC{0.1574803150%} BA{5.5118110236%} DD{0.6299212598%} 
11,31355.570102747482451377436518669128,3612.136123832803605182562023401260,0.115199185088849520575138285494,-542.793156004903607936284970492125,20619.655011986451427219435572624207,19,MSFT{6.9400630915%} UNH{5.3627760252%} JNJ{0.9463722397%} V{10.5678233438%} WMT{19.8738170347%} JPM{0.7886435331%} CVX{11.9873817035%} HD{0.1577287066%} CSCO{0.6309148265%} NKE{0.1577287066%} AMGN{13.8801261830%} HON{0.4731861199%} CRM{20.0315457413%} GS{0.4731861199%} CAT{1.2618296530%} INTC{0.1577287066%} BA{5.5205047319%} TRV{0.1577287066%} DD{0.6309148265%} 
12,31401.912278607600455870851874351501,3620.484106832912857498740777373314,0.115295020083835783597514534904,-523.088071782760266614786814898252,20010.577022692734317388385534286499,19,MSFT{6.9400630915%} UNH{5.3627760252%} JNJ{0.9463722397%} V{10.5678233438%} WMT{19.8738170347%} JPM{0.7886435331%} CVX{11.9873817035%} HD{0.1577287066%} CSCO{0.6309148265%} NKE{0.4731861199%} AMGN{13.8801261830%} HON{0.1577287066%} CRM{20.0315457413%} GS{0.4731861199%} CAT{1.2618296530%} INTC{0.1577287066%} BA{5.5205047319%} TRV{0.1577287066%} DD{0.6309148265%} 
13,31473.536570248572388663887977600098,3683.958871833902776415925472974777,0.117049409544788485249000586919,-614.290975476431185597903095185757,22931.742770095414016395807266235352,19,MSFT{2.0979020979%} UNH{5.9440559441%} JNJ{1.0489510490%} V{11.7132867133%} WMT{22.0279720280%} JPM{0.8741258741%} CVX{13.2867132867%} HD{0.1748251748%} CSCO{0.6993006993%} NKE{0.5244755245%} AMGN{9.7902097902%} HON{0.5244755245%} CRM{22.2027972028%} GS{0.5244755245%} CAT{1.3986013986%} INTC{0.1748251748%} BA{6.1188811189%} TRV{0.1748251748%} DD{0.6993006993%} 
14,31581.683918216291203862056136131287,3897.871758683517327881418168544769,0.123421910268541060173852486059,-520.448021932228357400163076817989,20205.243112560005101840943098068237,18,MSFT{7.0063694268%} UNH{5.4140127389%} JNJ{0.9554140127%} V{10.6687898089%} WMT{20.0636942675%} JPM{0.7961783439%} CVX{12.1019108280%} HD{0.1592356688%} CSCO{0.6369426752%} NKE{0.4777070064%} AMGN{14.0127388535%} HON{0.4777070064%} CRM{20.2229299363%} GS{0.4777070064%} INTC{0.1592356688%} BA{5.5732484076%} TRV{0.1592356688%} DD{0.6369426752%} 
15,31627.989098071840999182313680648804,4931.111209715078985027503222227097,0.155909729019594794907632717695,-731.830994040152177149138879030943,27861.815689639846823411062359809875,21,AAPL{0.1934235977%} MSFT{1.9342359768%} UNH{2.1276595745%} JNJ{0.7736943907%} V{7.3500967118%} WMT{24.5647969052%} JPM{4.4487427466%} CVX{22.0502901354%} HD{1.1605415861%} KO{1.5473887814%} CSCO{1.9342359768%} MCD{0.3868471954%} DIS{0.1934235977%} VZ{0.5802707930%} AMGN{2.1276595745%} IBM{0.1934235977%} CRM{24.5647969052%} GS{0.1934235977%} CAT{0.3868471954%} BA{2.7079303675%} DD{0.5802707930%} 
16,32051.366488239400496240705251693726,5030.575569286820609704591333866119,0.156953544278141426948636194538,-864.217650202394452207954600453377,32109.395275628514355048537254333496,21,AAPL{0.1934235977%} MSFT{1.9342359768%} UNH{2.1276595745%} JNJ{0.7736943907%} V{1.1605415861%} WMT{24.5647969052%} JPM{10.6382978723%} CVX{22.0502901354%} HD{1.1605415861%} KO{1.5473887814%} CSCO{1.9342359768%} MCD{0.3868471954%} DIS{0.1934235977%} VZ{0.5802707930%} AMGN{2.1276595745%} IBM{0.1934235977%} CRM{24.5647969052%} GS{0.1934235977%} CAT{0.3868471954%} BA{2.7079303675%} DD{0.5802707930%} 
17,32305.578180413245718227699398994446,5726.254735031659947708249092102051,0.177252816930033058051563443769,-640.556993487082536375964991748333,25797.040530960246542235836386680603,20,MSFT{8.9743589744%} UNH{0.4273504274%} JNJ{1.2820512821%} V{1.4957264957%} WMT{26.9230769231%} JPM{1.0683760684%} CVX{18.8034188034%} HD{0.2136752137%} CSCO{1.2820512821%} MCD{0.2136752137%} NKE{0.4273504274%} AMGN{5.3418803419%} HON{0.8547008547%} CRM{27.1367521368%} GS{0.6410256410%} CAT{1.7094017094%} INTC{0.2136752137%} BA{1.9230769231%} TRV{0.2136752137%} DD{0.8547008547%} 
18,32663.110471787862479686737060546875,5822.449879711261019110679626464844,0.178257667307597372774452537669,-521.104718652409246715251356363297,22150.397730820084689185023307800293,17,MSFT{8.0139372822%} UNH{0.3484320557%} V{12.3693379791%} WMT{21.9512195122%} JPM{0.6968641115%} CVX{18.8153310105%} HD{0.8710801394%} KO{0.6968641115%} CSCO{1.0452961672%} NKE{0.5226480836%} AMGN{9.9303135889%} HON{0.6968641115%} CRM{22.1254355401%} GS{0.5226480836%} INTC{0.1742160279%} BA{0.5226480836%} DD{0.6968641115%} 
19,32809.153831414660089649260044097900,6056.850559163006437302101403474808,0.184608557425324115719433848426,-501.465739380750278542109299451113,21769.443726426514331251382827758789,20,MSFT{5.9615384615%} UNH{0.3846153846%} V{12.8846153846%} WMT{23.6538461538%} JPM{0.7692307692%} PG{0.1923076923%} CVX{21.1538461538%} HD{0.1923076923%} CSCO{1.1538461538%} NKE{0.5769230769%} VZ{1.5384615385%} AMGN{5.3846153846%} CRM{23.2692307692%} GS{0.1923076923%} CAT{0.1923076923%} INTC{0.1923076923%} BA{0.1923076923%} MMM{1.1538461538%} TRV{0.1923076923%} DD{0.7692307692%} 
20,33095.817676456412300467491149902344,6406.067851247892576793674379587173,0.193561250363214892855623361356,-558.825627240307085230597294867039,23915.937504777513822773471474647522,19,MSFT{2.6923076923%} UNH{0.3846153846%} JNJ{1.1538461538%} V{13.6538461538%} WMT{23.8461538462%} JPM{0.7692307692%} PG{0.1923076923%} CVX{20.7692307692%} MRK{0.3846153846%} CSCO{1.1538461538%} NKE{0.5769230769%} DIS{0.3846153846%} AMGN{5.0000000000%} CRM{24.4230769231%} GS{0.5769230769%} INTC{0.9615384615%} BA{0.5769230769%} TRV{0.1923076923%} DD{2.3076923077%} 
21,33257.456974562730465549975633621216,6484.849071666641066258307546377182,0.194989324548375336787486844514,-513.622730050024756565107963979244,22578.361279900749650551006197929382,17,MSFT{8.2437275986%} UNH{0.3584229391%} V{12.7240143369%} WMT{22.5806451613%} JPM{0.7168458781%} CVX{22.2222222222%} HD{0.8960573477%} KO{0.7168458781%} CSCO{1.0752688172%} NKE{0.5376344086%} AMGN{4.4802867384%} HON{0.7168458781%} CRM{22.7598566308%} GS{0.5376344086%} INTC{0.1792114695%} BA{0.5376344086%} DD{0.7168458781%} 
22,33260.233497878478374332189559936523,6610.658174106119076895993202924728,0.198755615306422411814324391344,-645.996461127509974176064133644104,26851.880622768097964581102132797241,19,MSFT{9.7847358121%} UNH{0.1956947162%} JNJ{0.3913894325%} V{4.3052837573%} WMT{23.6790606654%} JPM{6.4579256360%} PG{0.1956947162%} CVX{17.4168297456%} MRK{0.1956947162%} CSCO{0.3913894325%} DIS{0.1956947162%} AMGN{9.0019569472%} HON{0.5870841487%} CRM{23.8747553816%} CAT{0.3913894325%} INTC{0.9784735812%} AXP{0.3913894325%} BA{1.1741682975%} MMM{0.3913894325%} 
23,33407.411081149926758371293544769287,6628.575632137798493204172700643539,0.198416321936361023103856382477,-791.759852748920025078405160456896,31437.051018270627537276595830917358,20,AAPL{0.1848428835%} MSFT{1.8484288355%} UNH{2.0332717190%} JNJ{0.7393715342%} V{7.0240295749%} WMT{23.4750462107%} JPM{10.1663585952%} CVX{21.0720887246%} HD{1.1090573013%} CSCO{1.8484288355%} MCD{0.3696857671%} DIS{0.1848428835%} VZ{0.5545286506%} AMGN{2.0332717190%} IBM{0.1848428835%} CRM{23.4750462107%} GS{0.1848428835%} CAT{0.3696857671%} BA{2.5878003697%} DD{0.5545286506%} 
24,33509.509101469375309534370899200439,6919.010355569194871350191533565521,0.206479012707046771790686534587,-641.265690321685838171106297522783,27012.001985648683330509811639785767,19,MSFT{9.7847358121%} UNH{0.1956947162%} JNJ{0.3913894325%} V{4.3052837573%} WMT{23.6790606654%} JPM{6.4579256360%} PG{0.1956947162%} CVX{23.6790606654%} MRK{0.1956947162%} CSCO{0.3913894325%} DIS{0.1956947162%} AMGN{2.7397260274%} HON{0.5870841487%} CRM{23.8747553816%} CAT{0.3913894325%} INTC{0.9784735812%} AXP{0.3913894325%} BA{1.1741682975%} MMM{0.3913894325%} 
25,33528.111720602944842539727687835693,7805.655045309925299079623073339462,0.232809264964163459277202150588,-695.790660167262103641405701637268,29607.095730550805456005036830902100,20,MSFT{7.4889867841%} UNH{0.2202643172%} JNJ{0.4405286344%} V{3.0837004405%} WMT{26.6519823789%} JPM{7.0484581498%} PG{0.2202643172%} CVX{20.4845814978%} MRK{0.2202643172%} CSCO{0.4405286344%} DIS{1.9823788546%} VZ{0.4405286344%} AMGN{1.3215859031%} HON{0.6607929515%} CRM{26.8722466960%} CAT{0.6607929515%} INTC{0.2202643172%} AXP{0.4405286344%} BA{0.8810572687%} MMM{0.2202643172%} 
26,33900.800886972851003520190715789795,8164.355273103882609575521200895309,0.240830749111924979910526189997,-702.289179090964353235904127359390,30169.416217954101739451289176940918,19,MSFT{7.5723830735%} UNH{0.2227171492%} JNJ{0.4454342984%} V{3.1180400891%} WMT{26.9487750557%} JPM{7.3496659243%} PG{0.2227171492%} CVX{19.8218262806%} MRK{0.2227171492%} CSCO{0.4454342984%} DIS{2.0044543430%} AMGN{1.3363028953%} HON{0.6681514477%} CRM{27.1714922049%} CAT{0.6681514477%} INTC{0.2227171492%} AXP{0.4454342984%} BA{0.8908685969%} MMM{0.2227171492%} 
27,34124.679637491070025134831666946411,8297.302678231963000143878161907196,0.243146683467062751926590635776,-561.847662863489858864340931177139,25901.862781287978577893227338790894,17,MSFT{2.9598308668%} UNH{0.4228329810%} JNJ{1.2684989429%} V{15.0105708245%} WMT{26.6384778013%} JPM{0.8456659619%} CVX{16.0676532770%} HD{0.2114164905%} CSCO{1.2684989429%} NKE{0.6342494715%} AMGN{5.2854122622%} CRM{26.8498942918%} GS{0.6342494715%} INTC{0.2114164905%} BA{0.6342494715%} TRV{0.2114164905%} DD{0.8456659619%} 
28,34602.032741918927058577537536621094,8716.404836844880264834500849246979,0.251904415612130117008149454705,-453.853629650470963952102465555072,22937.151899226304522017017006874084,17,MSFT{9.1816367265%} UNH{0.3992015968%} JNJ{1.1976047904%} V{14.1716566866%} WMT{25.1497005988%} JPM{0.7984031936%} CVX{15.1696606786%} HD{0.1996007984%} CSCO{0.3992015968%} NKE{0.5988023952%} AMGN{4.9900199601%} CRM{25.3493013972%} GS{0.5988023952%} INTC{0.1996007984%} BA{0.5988023952%} TRV{0.1996007984%} DD{0.7984031936%} 
29,34653.232212545684888027608394622803,8740.740274500760278897359967231750,0.252234487706353260882963240874,-458.194141558249611989594995975494,23097.490043325913575245067477226257,16,MSFT{9.1269841270%} UNH{0.3968253968%} JNJ{1.1904761905%} V{14.0873015873%} WMT{25.0000000000%} JPM{0.7936507937%} CVX{15.0793650794%} HD{0.1984126984%} CSCO{1.1904761905%} NKE{0.5952380952%} AMGN{4.9603174603%} CRM{25.1984126984%} GS{0.5952380952%} INTC{0.1984126984%} BA{0.5952380952%} DD{0.7936507937%} 
30,34776.424101269694801885634660720825,8952.059829893230926245450973510742,0.257417490763991174684832685671,-468.943985581952972552244318649173,23645.638044794424786232411861419678,17,MSFT{9.1451292247%} UNH{0.3976143141%} JNJ{1.1928429423%} V{14.1153081511%} WMT{25.0497017893%} JPM{0.7952286282%} CVX{15.1093439364%} HD{0.1988071571%} CSCO{1.1928429423%} NKE{0.1988071571%} AMGN{4.9701789264%} CRM{25.2485089463%} GS{0.5964214712%} INTC{0.1988071571%} BA{0.5964214712%} TRV{0.1988071571%} DD{0.7952286282%} 
31,35003.421481075230985879898071289062,9045.440223627683735685423016548157,0.258415887387412834819144791254,-462.357622179208817669859854504466,23532.645718576226499862968921661377,16,MSFT{9.1816367265%} UNH{0.3992015968%} JNJ{1.1976047904%} V{14.1716566866%} WMT{25.1497005988%} JPM{0.7984031936%} CVX{15.1696606786%} HD{0.1996007984%} CSCO{1.1976047904%} NKE{0.5988023952%} AMGN{4.9900199601%} CRM{25.3493013972%} GS{0.5988023952%} INTC{0.1996007984%} BA{0.5988023952%} TRV{0.1996007984%} 
32,35435.721521707135252654552459716797,9061.571090235875090002082288265228,0.255718543354195804173656370040,-454.508320036537895703077083453536,23302.831784714064269792288541793823,17,MSFT{9.2555331992%} UNH{0.4024144869%} JNJ{1.2072434608%} V{14.2857142857%} WMT{25.3521126761%} JPM{0.8048289738%} CVX{13.6820925553%} HD{0.2012072435%} CSCO{1.2072434608%} NKE{0.6036217304%} AMGN{5.0301810865%} CRM{25.5533199195%} GS{0.6036217304%} INTC{0.2012072435%} BA{0.6036217304%} TRV{0.2012072435%} DD{0.8048289738%} 
33,35469.230669287564523983746767044067,9141.045321666224481305107474327087,0.257717609014321225036070472925,-453.279420593423367336072260513902,23343.800500260156695730984210968018,17,MSFT{9.2555331992%} UNH{0.4024144869%} JNJ{1.2072434608%} V{14.2857142857%} WMT{25.3521126761%} JPM{0.8048289738%} CVX{15.2917505030%} HD{0.2012072435%} CSCO{1.2072434608%} NKE{0.6036217304%} AMGN{3.4205231388%} CRM{25.5533199195%} GS{0.6036217304%} INTC{0.2012072435%} BA{0.6036217304%} TRV{0.2012072435%} DD{0.8048289738%} 
34,35756.854620928148506209254264831543,9364.951676929522363934665918350220,0.261906472932557810029408074115,-707.656416285640943897305987775326,31538.186053879606333794072270393372,19,MSFT{8.1534772182%} UNH{0.2398081535%} JNJ{0.4796163070%} V{3.3573141487%} WMT{29.0167865707%} JPM{7.9136690647%} PG{0.2398081535%} CVX{13.6690647482%} MRK{0.2398081535%} CSCO{0.4796163070%} DIS{2.1582733813%} AMGN{1.4388489209%} HON{0.7194244604%} CRM{29.2565947242%} CAT{0.7194244604%} INTC{0.2398081535%} AXP{0.4796163070%} BA{0.9592326139%} MMM{0.2398081535%} 
35,36017.652483691861561965197324752808,9492.627386663623838103376328945160,0.263554860799484702571504612933,-449.213807721100295111682498827577,23567.993361924767668824642896652222,17,MSFT{9.4069529652%} UNH{0.4089979550%} JNJ{1.2269938650%} V{14.5194274029%} WMT{25.7668711656%} JPM{0.8179959100%} CVX{15.5419222904%} HD{0.2044989775%} CSCO{1.2269938650%} NKE{0.6134969325%} AMGN{1.8404907975%} CRM{25.9713701431%} GS{0.6134969325%} INTC{0.2044989775%} BA{0.6134969325%} TRV{0.2044989775%} DD{0.8179959100%} 
36,36381.735859918531787116080522537231,9638.457943820976652204990386962891,0.264925730342613741097324009388,-491.749497115430472149455454200506,25046.608853437795914942398667335510,16,MSFT{8.7619047619%} UNH{0.3809523810%} JNJ{1.1428571429%} V{15.0476190476%} WMT{24.0000000000%} JPM{3.8095238095%} CVX{14.4761904762%} CSCO{1.1428571429%} NKE{0.1904761905%} AMGN{4.5714285714%} CRM{24.1904761905%} GS{0.5714285714%} INTC{0.1904761905%} BA{0.5714285714%} TRV{0.1904761905%} DD{0.7619047619%} 
37,36677.826937357604037970304489135742,9730.391947094834904419258236885071,0.265293578153183939871695429247,-485.610810846445247079827822744846,24946.197353616786131169646978378296,15,MSFT{8.7954110899%} UNH{0.3824091778%} JNJ{1.1472275335%} V{15.1051625239%} WMT{24.0917782027%} JPM{3.8240917782%} CVX{14.5315487572%} CSCO{1.1472275335%} NKE{0.5736137667%} AMGN{4.5889101338%} CRM{24.2829827916%} GS{0.5736137667%} INTC{0.1912045889%} BA{0.5736137667%} TRV{0.1912045889%} 
38,36688.767817824162193574011325836182,9791.374624925727403024211525917053,0.266876627570165336766905284094,-471.861248625646169330138945952058,24576.360415195973473601043224334717,17,MSFT{8.1720430108%} UNH{0.4301075269%} JNJ{1.2903225806%} V{15.2688172043%} WMT{27.0967741935%} JPM{0.8602150538%} CVX{9.4623655914%} HD{0.2150537634%} CSCO{1.2903225806%} NKE{0.6451612903%} AMGN{5.3763440860%} CRM{27.3118279570%} GS{0.6451612903%} INTC{0.2150537634%} BA{0.6451612903%} TRV{0.2150537634%} DD{0.8602150538%} 
39,36698.415562979404057841747999191284,9818.551978172699818969704210758209,0.267547026964222667277937262043,-441.824126720605420359788695350289,23662.374615418339089956134557723999,17,MSFT{9.8081023454%} UNH{0.4264392324%} JNJ{1.2793176972%} V{15.1385927505%} WMT{26.8656716418%} JPM{0.8528784648%} CVX{9.3816631130%} HD{0.2132196162%} CSCO{0.4264392324%} NKE{0.6396588486%} AMGN{5.3304904051%} CRM{27.0788912580%} GS{0.6396588486%} INTC{0.2132196162%} BA{0.6396588486%} TRV{0.2132196162%} DD{0.8528784648%} 
40,36751.547078345654881559312343597412,9840.981003229475390980951488018036,0.267770523571451812827604044287,-446.351785026008428758359514176846,23826.670267377739946823567152023315,16,MSFT{9.7457627119%} UNH{0.4237288136%} JNJ{1.2711864407%} V{15.0423728814%} WMT{26.6949152542%} JPM{0.8474576271%} CVX{9.3220338983%} HD{0.2118644068%} CSCO{1.2711864407%} NKE{0.6355932203%} AMGN{5.2966101695%} CRM{26.9067796610%} GS{0.6355932203%} INTC{0.2118644068%} BA{0.6355932203%} DD{0.8474576271%} 
41,36845.252483337731973733752965927124,10069.799201136929696076549589633942,0.273299774664068961804730406584,-457.761412890899578087555710226297,24412.990138385117461439222097396851,17,MSFT{9.7664543524%} UNH{0.4246284501%} JNJ{1.2738853503%} V{15.0743099788%} WMT{26.7515923567%} JPM{0.8492569002%} CVX{9.3418259023%} HD{0.2123142251%} CSCO{1.2738853503%} NKE{0.2123142251%} AMGN{5.3078556263%} CRM{26.9639065817%} GS{0.6369426752%} INTC{0.2123142251%} BA{0.6369426752%} TRV{0.2123142251%} DD{0.8492569002%} 
42,37156.417974252835847437381744384766,10170.016199600006075343117117881775,0.273708197777493389413194790905,-450.906999959471932015730999410152,24298.435531663461006246507167816162,16,MSFT{9.8081023454%} UNH{0.4264392324%} JNJ{1.2793176972%} V{15.1385927505%} WMT{26.8656716418%} JPM{0.8528784648%} CVX{9.3816631130%} HD{0.2132196162%} CSCO{1.2793176972%} NKE{0.6396588486%} AMGN{5.3304904051%} CRM{27.0788912580%} GS{0.6396588486%} INTC{0.2132196162%} BA{0.6396588486%} TRV{0.2132196162%} 
43,37529.881599634012673050165176391602,10173.270398742262841551564633846283,0.271071209530313883551144726880,-473.544288518480755101336399093270,25010.991438987992296461015939712524,16,MSFT{9.0019569472%} UNH{0.3913894325%} JNJ{1.1741682975%} V{15.4598825832%} WMT{24.6575342466%} JPM{3.9138943249%} CVX{14.8727984344%} CSCO{1.1741682975%} NKE{0.5870841487%} AMGN{1.5655577299%} CRM{24.8532289628%} GS{0.5870841487%} INTC{0.1956947162%} BA{0.5870841487%} TRV{0.1956947162%} DD{0.7827788650%} 
44,37595.693851664480462204664945602417,10283.469471785461792023852467536926,0.273527854343089349420381495293,-440.995976248817953546677017584443,24101.343394248426193371415138244629,17,MSFT{9.8924731183%} UNH{0.4301075269%} JNJ{1.2903225806%} V{15.2688172043%} WMT{27.0967741935%} JPM{0.8602150538%} CVX{9.4623655914%} HD{0.2150537634%} CSCO{1.2903225806%} NKE{0.6451612903%} AMGN{3.6559139785%} CRM{27.3118279570%} GS{0.6451612903%} INTC{0.2150537634%} BA{0.6451612903%} TRV{0.2150537634%} DD{0.8602150538%} 
45,38057.134191503660986199975013732910,10403.402634845129796303808689117432,0.273362744091427467552080088353,-686.596077013118474496877752244473,31916.746381256176391616463661193848,20,MSFT{8.6294416244%} UNH{0.2538071066%} JNJ{0.5076142132%} V{3.5532994924%} WMT{31.7258883249%} JPM{8.1218274112%} PG{0.2538071066%} CVX{7.3604060914%} MRK{0.2538071066%} CSCO{0.5076142132%} DIS{2.2842639594%} VZ{0.5076142132%} AMGN{1.5228426396%} HON{0.7614213198%} CRM{30.9644670051%} CAT{0.7614213198%} INTC{0.2538071066%} AXP{0.5076142132%} BA{1.0152284264%} MMM{0.2538071066%} 
46,38095.066805830261728260666131973267,10405.272518083749673678539693355560,0.273139631730250020957839751645,-466.316825319332394883531378582120,25016.533044756164599675685167312622,17,MSFT{8.4632516704%} UNH{0.4454342984%} JNJ{1.3363028953%} V{15.8129175947%} WMT{28.0623608018%} JPM{0.8908685969%} CVX{6.2360801782%} HD{0.2227171492%} CSCO{1.3363028953%} NKE{0.6681514477%} AMGN{5.5679287305%} CRM{28.2850779510%} GS{0.6681514477%} INTC{0.2227171492%} BA{0.6681514477%} TRV{0.2227171492%} DD{0.8908685969%} 
47,38102.194307815407228190451860427856,10431.400046973196367616765201091766,0.273774259894358329425756437558,-435.035023777394144417485222220421,24062.497458664878649869933724403381,17,MSFT{10.1545253863%} UNH{0.4415011038%} JNJ{1.3245033113%} V{15.6732891832%} WMT{27.8145695364%} JPM{0.8830022075%} CVX{6.1810154525%} HD{0.2207505519%} CSCO{0.4415011038%} NKE{0.6622516556%} AMGN{5.5187637969%} CRM{28.0353200883%} GS{0.6622516556%} INTC{0.2207505519%} BA{0.6622516556%} TRV{0.2207505519%} DD{0.8830022075%} 
48,38153.604674646056082565337419509888,10446.895834830314925056882202625275,0.273811502842679410640869264171,-439.989054227447240918991155922413,24233.219533956995292101055383682251,16,MSFT{10.0877192982%} UNH{0.4385964912%} JNJ{1.3157894737%} V{15.5701754386%} WMT{27.6315789474%} JPM{0.8771929825%} CVX{6.1403508772%} HD{0.2192982456%} CSCO{1.3157894737%} NKE{0.6578947368%} AMGN{5.4824561404%} CRM{27.8508771930%} GS{0.6578947368%} INTC{0.2192982456%} BA{0.6578947368%} DD{0.8771929825%} 
49,38192.162070467100420501083135604858,10678.850846590456058038398623466492,0.279608439733976310570540135814,-436.408329088330674494500271975994,24352.978491358149767620489001274109,17,MSFT{10.0656455142%} UNH{0.4376367615%} JNJ{1.3129102845%} V{15.5361050328%} WMT{27.5711159737%} JPM{0.8752735230%} CVX{9.6280087527%} HD{0.2188183807%} CSCO{1.3129102845%} NKE{0.6564551422%} AMGN{1.9693654267%} CRM{27.7899343545%} GS{0.6564551422%} INTC{0.2188183807%} BA{0.6564551422%} TRV{0.2188183807%} DD{0.8752735230%} 
50,38231.188224959296348970383405685425,10685.826188583800103515386581420898,0.279505468825777703134605189916,-451.704549602598888213833561167121,24839.235409465229167835786938667297,17,MSFT{10.1098901099%} UNH{0.4395604396%} JNJ{1.3186813187%} V{15.6043956044%} WMT{27.6923076923%} JPM{0.8791208791%} CVX{6.1538461538%} HD{0.2197802198%} CSCO{1.3186813187%} NKE{0.2197802198%} AMGN{5.4945054945%} CRM{27.9120879121%} GS{0.6593406593%} INTC{0.2197802198%} BA{0.6593406593%} TRV{0.2197802198%} DD{0.8791208791%} 
51,38324.896470685489475727081298828125,10694.374746610572401550598442554474,0.279045104656463816006350953103,-663.861503962098595366114750504494,31495.368537422993540531024336814880,20,MSFT{8.3743842365%} UNH{0.2463054187%} JNJ{0.4926108374%} V{7.3891625616%} WMT{29.8029556650%} JPM{7.8817733990%} PG{0.2463054187%} CVX{7.1428571429%} MRK{0.2463054187%} CSCO{0.4926108374%} DIS{2.2167487685%} VZ{0.4926108374%} AMGN{1.4778325123%} HON{0.7389162562%} CRM{30.0492610837%} CAT{0.7389162562%} INTC{0.2463054187%} AXP{0.4926108374%} BA{0.9852216749%} MMM{0.2463054187%} 
52,38491.995800635850173421204090118408,10750.056033554745226865634322166443,0.279280297369697949605438225262,-482.721881394316483238071668893099,25875.341650576661777449771761894226,16,MSFT{9.3306288032%} UNH{0.4056795132%} JNJ{1.2170385396%} V{16.0243407708%} WMT{25.5578093306%} JPM{4.0567951318%} CVX{8.9249492901%} CSCO{1.2170385396%} NKE{0.2028397566%} AMGN{4.8681541582%} CRM{25.7606490872%} GS{0.6085192698%} INTC{0.2028397566%} BA{0.6085192698%} TRV{0.2028397566%} DD{0.8113590264%} 
53,38517.323769843125774059444665908813,10755.077855778108641970902681350708,0.279227028337797500423533847425,-576.489507974272214596567209810019,28818.415772305303107714280486106873,19,MSFT{7.1881606765%} UNH{0.2114164905%} JNJ{0.4228329810%} V{16.4904862579%} WMT{25.5813953488%} JPM{6.9767441860%} PG{0.2114164905%} CVX{12.0507399577%} MRK{0.2114164905%} CSCO{0.4228329810%} DIS{0.2114164905%} AMGN{1.2684989429%} HON{0.6342494715%} CRM{25.7928118393%} CAT{0.6342494715%} INTC{0.2114164905%} AXP{0.4228329810%} BA{0.8456659619%} MMM{0.2114164905%} 
54,38588.887013228100840933620929718018,10795.216183157997875241562724113464,0.279749353212945639501896266665,-444.437784115341798951703822240233,24720.933418772041477495804429054260,16,MSFT{10.1545253863%} UNH{0.4415011038%} JNJ{1.3245033113%} V{15.6732891832%} WMT{27.8145695364%} JPM{0.8830022075%} CVX{6.1810154525%} HD{0.2207505519%} CSCO{1.3245033113%} NKE{0.6622516556%} AMGN{5.5187637969%} CRM{28.0353200883%} GS{0.6622516556%} INTC{0.2207505519%} BA{0.6622516556%} TRV{0.2207505519%} 
55,38722.797563233543769456446170806885,10852.324847670213785022497177124023,0.280256735840136217419171771326,-693.934062575999973887519445270300,32595.592141718214406864717602729797,19,MSFT{8.7403598972%} UNH{0.2570694087%} JNJ{0.5141388175%} V{3.5989717224%} WMT{32.1336760925%} JPM{8.4832904884%} PG{0.2570694087%} CVX{6.4267352185%} MRK{0.2570694087%} CSCO{0.5141388175%} DIS{2.3136246787%} AMGN{1.5424164524%} HON{0.7712082262%} CRM{31.3624678663%} CAT{0.7712082262%} INTC{0.2570694087%} AXP{0.5141388175%} BA{1.0282776350%} MMM{0.2570694087%} 
56,38930.633177969612006563693284988403,11135.471200407577271107584238052368,0.286033652458265452711572152111,-670.534207085530169933917932212353,32145.543022420853958465158939361572,19,MSFT{8.4788029925%} UNH{0.2493765586%} JNJ{0.4987531172%} V{7.4812967581%} WMT{30.1745635910%} JPM{8.2294264339%} PG{0.2493765586%} CVX{6.2344139651%} MRK{0.2493765586%} CSCO{0.4987531172%} DIS{2.2443890274%} AMGN{1.4962593516%} HON{0.7481296758%} CRM{30.4239401496%} CAT{0.7481296758%} INTC{0.2493765586%} AXP{0.4987531172%} BA{0.9975062344%} MMM{0.2493765586%} 
57,39630.853971492288110312074422836304,11477.839920151620390242896974086761,0.289618788644019353739622602006,-630.541852579664805489301215857267,31234.817967647784826112911105155945,19,MSFT{8.1534772182%} UNH{0.2398081535%} JNJ{0.4796163070%} V{11.0311750600%} WMT{29.0167865707%} JPM{7.9136690647%} PG{0.2398081535%} CVX{5.9952038369%} MRK{0.2398081535%} CSCO{0.4796163070%} DIS{2.1582733813%} AMGN{1.4388489209%} HON{0.7194244604%} CRM{29.2565947242%} CAT{0.7194244604%} INTC{0.2398081535%} AXP{0.4796163070%} BA{0.9592326139%} MMM{0.2398081535%} 
58,40267.494208376767346635460853576660,11482.013647714462422300130128860474,0.285143485420204789715370452541,-433.727006889574340675608254969120,25072.126530254459794377908110618591,16,MSFT{10.5022831050%} UNH{0.4566210046%} JNJ{1.3698630137%} V{16.2100456621%} WMT{28.9954337900%} JPM{0.9132420091%} CVX{2.7397260274%} HD{0.2283105023%} CSCO{1.3698630137%} NKE{0.6849315068%} AMGN{5.7077625571%} CRM{28.9954337900%} GS{0.6849315068%} INTC{0.2283105023%} BA{0.6849315068%} TRV{0.2283105023%} 
59,40304.640447975929419044405221939087,11532.513277114532684208825230598450,0.286133634959487348492501723740,-468.786638411441799689782783389091,26221.161280673040891997516155242920,17,MSFT{10.2908277405%} UNH{0.4474272931%} JNJ{1.3422818792%} V{15.8836689038%} WMT{28.1879194631%} JPM{2.6845637584%} CVX{2.6845637584%} HD{0.2237136465%} CSCO{1.3422818792%} NKE{0.2237136465%} AMGN{5.5928411633%} CRM{28.4116331096%} GS{0.6711409396%} INTC{0.2237136465%} BA{0.6711409396%} TRV{0.2237136465%} DD{0.8948545861%} 
60,40601.082634653103013988584280014038,11550.020200318343995604664087295532,0.284475670371912181533247121479,-427.578193153808399529225425794721,24947.470252471008279826492071151733,17,MSFT{10.5990783410%} UNH{0.4608294931%} JNJ{1.3824884793%} V{16.3594470046%} WMT{29.0322580645%} JPM{0.9216589862%} CVX{2.9953917051%} HD{0.2304147465%} CSCO{1.3824884793%} NKE{0.6912442396%} AMGN{3.9170506912%} CRM{29.2626728111%} GS{0.6912442396%} INTC{0.2304147465%} BA{0.6912442396%} TRV{0.2304147465%} DD{0.9216589862%} 
61,40607.007985117430507671087980270386,11550.043205997009863494895398616791,0.284434726395752401906236173090,-490.809294781080438951903488487005,26928.734442470864451024681329727173,19,MSFT{8.0000000000%} UNH{0.2352941176%} JNJ{0.4705882353%} V{18.3529411765%} WMT{28.4705882353%} JPM{2.1176470588%} PG{0.2352941176%} CVX{5.8823529412%} MRK{0.2352941176%} CSCO{0.4705882353%} DIS{2.1176470588%} AMGN{1.4117647059%} HON{0.7058823529%} CRM{28.7058823529%} CAT{0.7058823529%} INTC{0.2352941176%} AXP{0.4705882353%} BA{0.9411764706%} MMM{0.2352941176%} 
62,40642.333143627816752996295690536499,11588.868207557690766407176852226257,0.285142788594425766746098815929,-461.293840326213171465496998280287,26042.741871112368244212120771408081,16,MSFT{9.7664543524%} UNH{0.4246284501%} JNJ{1.2738853503%} V{16.7728237792%} WMT{26.7515923567%} JPM{4.2462845011%} CVX{5.9447983015%} CSCO{1.2738853503%} NKE{0.6369426752%} AMGN{3.3970276008%} CRM{26.9639065817%} GS{0.6369426752%} INTC{0.2123142251%} BA{0.6369426752%} TRV{0.2123142251%} DD{0.8492569002%} 
63,40686.790360553124628495424985885620,11611.853501996190971112810075283051,0.285396154356136633190033080609,-423.276949114845024269015993922949,24874.531240928001352585852146148682,17,MSFT{10.5990783410%} UNH{0.4608294931%} JNJ{1.3824884793%} V{16.3594470046%} WMT{29.2626728111%} JPM{0.9216589862%} CVX{2.7649769585%} HD{0.2304147465%} CSCO{1.3824884793%} NKE{0.6912442396%} AMGN{3.9170506912%} CRM{29.2626728111%} GS{0.6912442396%} INTC{0.2304147465%} BA{0.6912442396%} TRV{0.2304147465%} DD{0.9216589862%} 
64,40740.129360543993243481963872909546,11646.755455011079902760684490203857,0.285879196699132975822976732161,-461.448011204515182726026978343725,26105.459806085887976223602890968323,16,MSFT{10.3370786517%} UNH{0.4494382022%} JNJ{1.3483146067%} V{15.9550561798%} WMT{28.3146067416%} JPM{2.6966292135%} CVX{2.6966292135%} HD{0.2247191011%} CSCO{1.3483146067%} NKE{0.6741573034%} AMGN{5.6179775281%} CRM{28.5393258427%} GS{0.6741573034%} INTC{0.2247191011%} BA{0.6741573034%} TRV{0.2247191011%} 
65,40749.214699891366763040423393249512,11675.072024628456347272731363773346,0.286510356349507278039823177096,-579.978172780676118236442562192678,29847.721438422973733395338058471680,19,MSFT{7.6404494382%} UNH{1.1235955056%} JNJ{0.4494382022%} V{17.5280898876%} WMT{27.1910112360%} JPM{7.4157303371%} PG{0.2247191011%} CVX{5.6179775281%} MRK{0.2247191011%} CSCO{0.4494382022%} DIS{0.2247191011%} AMGN{1.3483146067%} HON{0.6741573034%} CRM{27.4157303371%} CAT{0.6741573034%} INTC{0.2247191011%} AXP{0.4494382022%} BA{0.8988764045%} MMM{0.2247191011%} 
66,40806.529277899571752641350030899048,11734.637894362123915925621986389160,0.287567654049850573994007163492,-551.367904120402840817405376583338,29010.832223468081792816519737243652,20,MSFT{7.5555555556%} UNH{0.2222222222%} JNJ{0.4444444444%} V{17.3333333333%} WMT{27.7777777778%} JPM{7.1111111111%} PG{0.2222222222%} CVX{6.4444444444%} MRK{0.2222222222%} CSCO{0.4444444444%} DIS{0.2222222222%} VZ{0.4444444444%} AMGN{1.3333333333%} HON{0.6666666667%} CRM{27.1111111111%} CAT{0.6666666667%} INTC{0.2222222222%} AXP{0.4444444444%} BA{0.8888888889%} MMM{0.2222222222%} 
67,40896.102064289589179679751396179199,11755.480622558234244934283196926117,0.287447459028695562199828827943,-572.923962693755811415030620992184,29707.098120295915578026324510574341,20,MSFT{11.6279069767%} UNH{0.2325581395%} JNJ{0.4651162791%} V{10.2325581395%} WMT{28.1395348837%} JPM{7.6744186047%} PG{0.2325581395%} CVX{6.2790697674%} MRK{0.2325581395%} CSCO{0.4651162791%} DIS{2.0930232558%} AMGN{0.4651162791%} HON{0.6976744186%} CRM{28.3720930233%} GS{0.2325581395%} CAT{0.6976744186%} INTC{0.2325581395%} AXP{0.4651162791%} BA{0.9302325581%} MMM{0.2325581395%} 
68,40969.964866284528397955000400543213,11903.343662981886154739186167716980,0.290538293157715676873209531550,-572.999990747939250468334648758173,29857.343373083982442039996385574341,19,MSFT{7.6404494382%} UNH{0.2247191011%} JNJ{0.4494382022%} V{17.5280898876%} WMT{27.1910112360%} JPM{7.4157303371%} PG{0.2247191011%} CVX{6.5168539326%} MRK{0.2247191011%} CSCO{0.4494382022%} DIS{0.2247191011%} AMGN{1.3483146067%} HON{0.6741573034%} CRM{27.4157303371%} CAT{0.6741573034%} INTC{0.2247191011%} AXP{0.4494382022%} BA{0.8988764045%} MMM{0.2247191011%} 
69,41150.111023628778639249503612518311,11953.332641399325439124368131160736,0.290481175969017679783235053037,-422.807134041682445513288257643580,25201.289508038709755055606365203857,17,MSFT{10.7728337237%} UNH{0.4683840749%} JNJ{1.4051522248%} V{16.6276346604%} WMT{29.5081967213%} JPM{0.9367681499%} CVX{3.2786885246%} HD{0.2341920375%} CSCO{1.4051522248%} NKE{0.7025761124%} AMGN{2.1077283372%} CRM{29.7423887588%} GS{0.7025761124%} INTC{0.2341920375%} BA{0.7025761124%} TRV{0.2341920375%} DD{0.9367681499%} 
70,41175.061698970872384961694478988647,12001.928733826283860253170132637024,0.291485385536805641226720808845,-457.200210842622368545562494546175,26327.535340228449058486148715019226,16,MSFT{9.9352051836%} UNH{0.4319654428%} JNJ{1.2958963283%} V{17.0626349892%} WMT{27.2138228942%} JPM{4.3196544276%} CVX{6.0475161987%} CSCO{1.2958963283%} NKE{0.6479481641%} AMGN{1.7278617711%} CRM{27.4298056156%} GS{0.6479481641%} INTC{0.2159827214%} BA{0.6479481641%} TRV{0.2159827214%} DD{0.8639308855%} 
71,41232.257752713427180424332618713379,12023.205635935290047200396656990051,0.291597072079907204678050902658,-594.277399850771644196356646716595,30643.897497926136566093191504478455,19,MSFT{7.6404494382%} UNH{0.2247191011%} JNJ{0.4494382022%} V{17.5280898876%} WMT{27.1910112360%} JPM{7.4157303371%} PG{0.2247191011%} CVX{5.6179775281%} MRK{0.2247191011%} CSCO{0.4494382022%} DIS{0.2247191011%} AMGN{1.3483146067%} HON{0.6741573034%} CRM{28.3146067416%} CAT{0.6741573034%} INTC{0.2247191011%} AXP{0.4494382022%} BA{0.8988764045%} MMM{0.2247191011%} 
72,41290.936385277171211782842874526978,12145.337757163328205933794379234314,0.294140526236501331780459622678,-556.161280091259868640918284654617,29571.724533356136817019432783126831,19,MSFT{7.6404494382%} UNH{0.2247191011%} JNJ{0.4494382022%} V{17.5280898876%} WMT{28.0898876404%} JPM{7.4157303371%} PG{0.2247191011%} CVX{5.6179775281%} MRK{0.2247191011%} CSCO{0.4494382022%} DIS{0.2247191011%} AMGN{1.3483146067%} HON{0.6741573034%} CRM{27.4157303371%} CAT{0.6741573034%} INTC{0.2247191011%} AXP{0.4494382022%} BA{0.8988764045%} MMM{0.2247191011%} 
73,41669.511675045963784214109182357788,12150.216137098665058147162199020386,0.291585277788961816369806001603,-542.973640964640480888192541897297,29163.390220657398458570241928100586,19,MSFT{9.3541202673%} UNH{0.2227171492%} JNJ{0.4454342984%} V{17.3719376392%} WMT{26.9487750557%} JPM{7.3496659243%} PG{0.2227171492%} CVX{5.5679287305%} MRK{0.2227171492%} CSCO{0.4454342984%} DIS{0.2227171492%} AMGN{1.3363028953%} HON{0.6681514477%} CRM{27.1714922049%} CAT{0.6681514477%} INTC{0.2227171492%} AXP{0.4454342984%} BA{0.8908685969%} MMM{0.2227171492%} 
74,41715.494200145818467717617750167847,12165.214461035318890935741364955902,0.291623405027113258292104092106,-583.180100947858591098338365554810,30438.190957401555351680144667625427,19,MSFT{7.6404494382%} UNH{0.2247191011%} JNJ{0.4494382022%} V{17.5280898876%} WMT{27.1910112360%} JPM{8.3146067416%} PG{0.2247191011%} CVX{5.6179775281%} MRK{0.2247191011%} CSCO{0.4494382022%} DIS{0.2247191011%} AMGN{1.3483146067%} HON{0.6741573034%} CRM{27.4157303371%} CAT{0.6741573034%} INTC{0.2247191011%} AXP{0.4494382022%} BA{0.8988764045%} MMM{0.2247191011%} 
75,41737.951834811799926683306694030762,12223.709882153227226808667182922363,0.292867985725115687056785418463,-446.598443295655670226551592350006,26217.127772083771560573950409889221,17,MSFT{10.6235565820%} UNH{0.4618937644%} JNJ{1.3856812933%} V{16.3972286374%} WMT{29.0993071594%} JPM{2.7713625866%} CVX{2.7713625866%} HD{0.2309468822%} CSCO{1.3856812933%} NKE{0.6928406467%} AMGN{2.0785219400%} CRM{29.3302540416%} GS{0.6928406467%} INTC{0.2309468822%} BA{0.6928406467%} TRV{0.2309468822%} DD{0.9237875289%} 
76,41820.326557026084628887474536895752,12233.523416744112182641401886940002,0.292525774519300119091980150188,-566.271496211926660180324688553810,29976.696964717815717449411749839783,19,MSFT{7.5388026608%} UNH{0.2217294900%} JNJ{0.4434589800%} V{17.2949002217%} WMT{26.8292682927%} JPM{7.3170731707%} PG{0.2217294900%} CVX{5.5432372506%} MRK{0.2217294900%} CSCO{0.4434589800%} DIS{1.9955654102%} AMGN{1.3303769401%} HON{0.2217294900%} CRM{27.9379157428%} CAT{0.6651884701%} INTC{0.2217294900%} AXP{0.4434589800%} BA{0.8869179601%} MMM{0.2217294900%} 
77,41891.121776997053530067205429077148,12353.919371487423632061108946800232,0.294905432164175584919263428674,-528.631498881936863654118496924639,28917.706336454779375344514846801758,19,MSFT{7.5388026608%} UNH{0.2217294900%} JNJ{0.4434589800%} V{17.2949002217%} WMT{27.7161862528%} JPM{7.3170731707%} PG{0.2217294900%} CVX{5.5432372506%} MRK{0.2217294900%} CSCO{0.4434589800%} DIS{1.9955654102%} AMGN{1.3303769401%} HON{0.2217294900%} CRM{27.0509977827%} CAT{0.6651884701%} INTC{0.2217294900%} AXP{0.4434589800%} BA{0.8869179601%} MMM{0.2217294900%} 
78,42024.271088724759465549141168594360,12384.809338972876503248699009418488,0.294706107164242003815246562226,-504.242057488671207465813495218754,28184.393806951244187075644731521606,20,MSFT{10.9170305677%} UNH{0.2183406114%} JNJ{0.4366812227%} V{16.5938864629%} WMT{27.2925764192%} JPM{7.2052401747%} PG{0.2183406114%} CVX{5.8951965066%} MRK{0.2183406114%} CSCO{0.4366812227%} DIS{0.2183406114%} AMGN{0.4366812227%} HON{0.6550218341%} CRM{26.6375545852%} GS{0.2183406114%} CAT{0.6550218341%} INTC{0.2183406114%} AXP{0.4366812227%} BA{0.8733624454%} MMM{0.2183406114%} 
79,42187.853282062678772490471601486206,12395.235566097893752157688140869141,0.293810530799586022698832721289,-470.406494967506148441316327080131,27134.639075079754547914490103721619,17,MSFT{10.4308390023%} UNH{0.4535147392%} JNJ{1.3605442177%} V{16.0997732426%} WMT{28.5714285714%} JPM{4.5351473923%} CVX{2.7210884354%} HD{0.2267573696%} CSCO{1.3605442177%} NKE{0.6802721088%} AMGN{2.0408163265%} CRM{28.7981859410%} GS{0.6802721088%} INTC{0.2267573696%} BA{0.6802721088%} TRV{0.2267573696%} DD{0.9070294785%} 
80,42394.883704803338332567363977432251,12403.754152715811869711615145206451,0.292576675975418865061072892786,-530.473033592077172215795144438744,29025.242538600898114964365959167480,20,MSFT{10.9170305677%} UNH{0.2183406114%} JNJ{0.4366812227%} V{16.5938864629%} WMT{26.4192139738%} JPM{8.0786026201%} PG{0.2183406114%} CVX{5.8951965066%} MRK{0.2183406114%} CSCO{0.4366812227%} DIS{0.2183406114%} AMGN{0.4366812227%} HON{0.6550218341%} CRM{26.6375545852%} GS{0.2183406114%} CAT{0.6550218341%} INTC{0.2183406114%} AXP{0.4366812227%} BA{0.8733624454%} MMM{0.2183406114%} 
81,42410.220762585908232722431421279907,12469.366365717680309899151325225830,0.294017954669976488979443729477,-514.641939626762905390933156013489,28594.813807356251345481723546981812,20,MSFT{10.7758620690%} UNH{0.2155172414%} JNJ{0.4310344828%} V{16.3793103448%} WMT{26.0775862069%} JPM{7.1120689655%} PG{0.2155172414%} CVX{5.8189655172%} MRK{0.2155172414%} CSCO{0.4310344828%} DIS{1.9396551724%} AMGN{0.4310344828%} HON{0.2155172414%} CRM{27.1551724138%} GS{0.2155172414%} CAT{0.6465517241%} INTC{0.2155172414%} AXP{0.4310344828%} BA{0.8620689655%} MMM{0.2155172414%} 
82,42542.292980622703908011317253112793,12471.082512703942484222352504730225,0.293145517999801041852947491861,-493.629826363499660146771930158138,27938.150405426931683905422687530518,20,MSFT{10.8459869848%} UNH{0.2169197397%} JNJ{0.4338394794%} V{16.4859002169%} WMT{26.2472885033%} JPM{7.1583514100%} PG{0.2169197397%} CVX{5.8568329718%} MRK{0.2169197397%} CSCO{0.4338394794%} DIS{1.9522776573%} AMGN{0.6507592191%} HON{0.2169197397%} CRM{26.4642082430%} GS{0.2169197397%} CAT{0.6507592191%} INTC{0.2169197397%} AXP{0.4338394794%} BA{0.8676789588%} MMM{0.2169197397%} 
83,42550.342360674971132539212703704834,12586.448653523408211185596883296967,0.295801348596334778839889168012,-478.035392892040420065313810482621,27564.890964140675350790843367576599,20,MSFT{10.7758620690%} UNH{0.2155172414%} JNJ{0.4310344828%} V{16.3793103448%} WMT{26.9396551724%} JPM{7.1120689655%} PG{0.2155172414%} CVX{5.8189655172%} MRK{0.2155172414%} CSCO{0.4310344828%} DIS{1.9396551724%} AMGN{0.4310344828%} HON{0.2155172414%} CRM{26.2931034483%} GS{0.2155172414%} CAT{0.6465517241%} INTC{0.2155172414%} AXP{0.4310344828%} BA{0.8620689655%} MMM{0.2155172414%} 
84,42641.374960433196974918246269226074,12609.795483500805858056992292404175,0.295717375323881981330487178639,-451.720374578639109586220001801848,26763.700553631497314199805259704590,16,MSFT{10.2449888641%} UNH{0.4454342984%} JNJ{1.3363028953%} V{17.5946547884%} WMT{28.0623608018%} JPM{4.4543429844%} CVX{3.1180400891%} CSCO{1.3363028953%} NKE{0.6681514477%} AMGN{1.7817371938%} CRM{28.2850779510%} GS{0.6681514477%} INTC{0.2227171492%} BA{0.6681514477%} TRV{0.2227171492%} DD{0.8908685969%} 
85,42750.851789024491154123097658157349,12654.233701009756259736604988574982,0.295999568931595014031898926987,-451.277756342465693251142511144280,26794.270066407014383003115653991699,16,MSFT{10.2678571429%} UNH{0.4464285714%} JNJ{1.3392857143%} V{17.6339285714%} WMT{28.1250000000%} JPM{4.4642857143%} CVX{2.9017857143%} CSCO{1.3392857143%} NKE{0.6696428571%} AMGN{1.7857142857%} CRM{28.3482142857%} GS{0.6696428571%} INTC{0.2232142857%} BA{0.6696428571%} TRV{0.2232142857%} DD{0.8928571429%} 
86,42841.475606217645690776407718658447,12714.355405948146653827279806137085,0.296776785253934971553491095619,-447.095028292574170336592942476273,26723.332959115472476696595549583435,16,MSFT{10.2678571429%} UNH{0.4464285714%} JNJ{1.3392857143%} V{17.6339285714%} WMT{28.3482142857%} JPM{4.4642857143%} CVX{2.6785714286%} CSCO{1.3392857143%} NKE{0.6696428571%} AMGN{1.7857142857%} CRM{28.3482142857%} GS{0.6696428571%} INTC{0.2232142857%} BA{0.6696428571%} TRV{0.2232142857%} DD{0.8928571429%} 
87,42928.127361002654652111232280731201,12719.337372410953321377746760845184,0.296293785784041086017737143266,-453.816328206274135936837410554290,26938.915656207544088829308748245239,16,MSFT{10.2678571429%} UNH{0.4464285714%} JNJ{1.3392857143%} V{17.6339285714%} WMT{28.1250000000%} JPM{4.6875000000%} CVX{2.6785714286%} CSCO{1.3392857143%} NKE{0.6696428571%} AMGN{1.7857142857%} CRM{28.3482142857%} GS{0.6696428571%} INTC{0.2232142857%} BA{0.6696428571%} TRV{0.2232142857%} DD{0.8928571429%} 
88,42995.245838768241810612380504608154,12739.442452733788741170428693294525,0.296298862913973670707434848737,-456.770423334932559100707294419408,27051.582383895009115803986787796021,16,MSFT{10.2449888641%} UNH{0.4454342984%} JNJ{1.3363028953%} V{17.5946547884%} WMT{28.0623608018%} JPM{4.8997772829%} CVX{2.6726057906%} CSCO{1.3363028953%} NKE{0.6681514477%} AMGN{1.7817371938%} CRM{28.2850779510%} GS{0.6681514477%} INTC{0.2227171492%} BA{0.6681514477%} TRV{0.2227171492%} DD{0.8908685969%} 
89,43408.266652219208481255918741226196,12857.649189367319195298478007316589,0.296202778433448055128707210315,-473.984015419312470385193591937423,27709.148339172439591493457555770874,16,MSFT{10.1098901099%} UNH{0.4395604396%} JNJ{1.3186813187%} V{17.3626373626%} WMT{27.6923076923%} JPM{6.1538461538%} CVX{2.6373626374%} CSCO{1.3186813187%} NKE{0.6593406593%} AMGN{1.7582417582%} CRM{27.9120879121%} GS{0.6593406593%} INTC{0.2197802198%} BA{0.6593406593%} TRV{0.2197802198%} DD{0.8791208791%} 
90,43859.215482194973446894437074661255,12874.033530798986248555593192577362,0.293530866643643251201467592182,-539.835207772109129109594505280256,29788.870040991740097524598240852356,19,MSFT{7.7803203661%} UNH{0.2288329519%} JNJ{0.4576659039%} V{17.8489702517%} WMT{28.6041189931%} JPM{7.5514874142%} PG{0.2288329519%} CVX{2.0594965675%} MRK{0.2288329519%} CSCO{0.4576659039%} DIS{2.0594965675%} AMGN{1.3729977117%} HON{0.6864988558%} CRM{27.9176201373%} CAT{0.6864988558%} INTC{0.2288329519%} AXP{0.4576659039%} BA{0.9153318078%} MMM{0.2288329519%} 
91,44191.354244332622329238802194595337,12875.539196828252897830680012702942,0.291358783114900654620527120642,-526.501491551332378548977430909872,29372.585932103334926068782806396484,19,MSFT{9.5238095238%} UNH{0.2267573696%} JNJ{0.4535147392%} V{17.6870748299%} WMT{27.4376417234%} JPM{7.4829931973%} PG{0.2267573696%} CVX{2.0408163265%} MRK{0.2267573696%} CSCO{0.4535147392%} DIS{2.0408163265%} AMGN{1.3605442177%} HON{0.6802721088%} CRM{27.6643990930%} CAT{0.6802721088%} INTC{0.2267573696%} AXP{0.4535147392%} BA{0.9070294785%} MMM{0.2267573696%} 
92,44215.248962240919354371726512908936,12953.542304010932639357633888721466,0.292965495118506280558534626834,-422.473928624896018391154939308763,26191.058734257676405832171440124512,16,MSFT{9.9352051836%} UNH{0.4319654428%} JNJ{1.2958963283%} V{20.5183585313%} WMT{27.2138228942%} JPM{4.3196544276%} CVX{2.5917926566%} CSCO{1.2958963283%} NKE{0.6479481641%} AMGN{1.7278617711%} CRM{27.4298056156%} GS{0.6479481641%} INTC{0.2159827214%} BA{0.6479481641%} TRV{0.2159827214%} DD{0.8639308855%} 
93,44295.941178375447634607553482055664,12975.955257809311660821549594402313,0.292937793229325504906768173896,-525.176586966063041472807526588440,29431.488316079288779292255640029907,20,MSFT{11.1111111111%} UNH{0.2222222222%} JNJ{0.4444444444%} V{16.8888888889%} WMT{26.8888888889%} JPM{7.3333333333%} PG{0.2222222222%} CVX{2.4444444444%} MRK{0.2222222222%} CSCO{0.4444444444%} DIS{2.0000000000%} AMGN{0.4444444444%} HON{0.6666666667%} CRM{28.0000000000%} GS{0.2222222222%} CAT{0.6666666667%} INTC{0.2222222222%} AXP{0.4444444444%} BA{0.8888888889%} MMM{0.2222222222%} 
94,44453.129418552642164286226034164429,12982.190436934441095218062400817871,0.292042216301565626945802023329,-503.489886538860446307808160781860,28758.206881818736292188987135887146,20,MSFT{11.1856823266%} UNH{0.2237136465%} JNJ{0.4474272931%} V{17.0022371365%} WMT{27.0693512304%} JPM{7.3825503356%} PG{0.2237136465%} CVX{2.4608501119%} MRK{0.2237136465%} CSCO{0.4474272931%} DIS{2.0134228188%} AMGN{0.6711409396%} HON{0.6711409396%} CRM{27.2930648770%} GS{0.2237136465%} CAT{0.6711409396%} INTC{0.2237136465%} AXP{0.4474272931%} BA{0.8948545861%} MMM{0.2237136465%} 
95,44454.162395901104900985956192016602,13096.666712643276696326211094856262,0.294610583279167892456484878494,-487.425124002919915255915839225054,28369.320598068101389799267053604126,20,MSFT{11.1111111111%} UNH{0.2222222222%} JNJ{0.4444444444%} V{16.8888888889%} WMT{27.7777777778%} JPM{7.3333333333%} PG{0.2222222222%} CVX{2.4444444444%} MRK{0.2222222222%} CSCO{0.4444444444%} DIS{2.0000000000%} AMGN{0.4444444444%} HON{0.6666666667%} CRM{27.1111111111%} GS{0.2222222222%} CAT{0.6666666667%} INTC{0.2222222222%} AXP{0.4444444444%} BA{0.8888888889%} MMM{0.2222222222%} 
96,44835.523216087291075382381677627563,13116.645740473330079112201929092407,0.292550299396684365671461591774,-514.176702455939448555000126361847,29227.515750759434013161808252334595,20,MSFT{11.1111111111%} UNH{0.2222222222%} JNJ{0.4444444444%} V{16.8888888889%} WMT{26.8888888889%} JPM{8.2222222222%} PG{0.2222222222%} CVX{2.4444444444%} MRK{0.2222222222%} CSCO{0.4444444444%} DIS{2.0000000000%} AMGN{0.4444444444%} HON{0.6666666667%} CRM{27.1111111111%} GS{0.2222222222%} CAT{0.6666666667%} INTC{0.2222222222%} AXP{0.4444444444%} BA{0.8888888889%} MMM{0.2222222222%} 
97,44839.125371752903447486460208892822,13294.978669243773765629157423973083,0.296503969669737355019378810539,-426.259852932479645915009314194322,26651.120727794801496202126145362854,17,AAPL{0.2173913043%} MSFT{14.5652173913%} UNH{0.8695652174%} JNJ{0.6521739130%} V{17.6086956522%} WMT{26.7391304348%} JPM{5.4347826087%} PG{0.2173913043%} CVX{1.7391304348%} MRK{0.2173913043%} CSCO{1.5217391304%} DIS{0.4347826087%} CRM{27.3913043478%} CAT{1.5217391304%} INTC{0.2173913043%} BA{0.4347826087%} TRV{0.2173913043%} 
98,45120.387832791078835725784301757812,13334.289195740399009082466363906860,0.295526918898727897211387016796,-381.874003714176978974137455224991,25299.674645451279502594843506813049,17,AAPL{0.2202643172%} MSFT{14.7577092511%} UNH{0.8810572687%} JNJ{0.6607929515%} V{17.8414096916%} WMT{27.0925110132%} JPM{5.5066079295%} PG{0.2202643172%} CVX{2.2026431718%} MRK{0.2202643172%} CSCO{1.5418502203%} DIS{0.4405286344%} CRM{25.9911894273%} CAT{1.5418502203%} INTC{0.2202643172%} BA{0.4405286344%} TRV{0.2202643172%} 
99,45232.741859851819754112511873245239,13380.437452641448544454760849475861,0.295813096939803399365587210923,-381.269803315588887926423922181129,25326.891289863233396317809820175171,17,AAPL{0.2207505519%} MSFT{14.7902869757%} UNH{0.8830022075%} JNJ{0.6622516556%} V{17.8807947020%} WMT{27.1523178808%} JPM{5.5187637969%} PG{0.2207505519%} CVX{1.9867549669%} MRK{0.2207505519%} CSCO{1.5452538631%} DIS{0.4415011038%} CRM{26.0485651214%} CAT{1.5452538631%} INTC{0.2207505519%} BA{0.4415011038%} TRV{0.2207505519%} 
100,45272.316654793998168315738439559937,13409.992755865725484909489750862122,0.296207345829423263072754934910,-386.529225253534434614266501739621,25521.241813809803716139867901802063,17,AAPL{0.2207505519%} MSFT{14.7902869757%} UNH{0.8830022075%} JNJ{0.6622516556%} V{17.8807947020%} WMT{27.1523178808%} JPM{5.5187637969%} PG{0.2207505519%} CVX{1.7660044150%} MRK{0.2207505519%} CSCO{1.5452538631%} DIS{0.4415011038%} CRM{26.2693156733%} CAT{1.5452538631%} INTC{0.2207505519%} BA{0.4415011038%} TRV{0.2207505519%} 
101,45295.758216679074394050985574722290,13479.205732825825180043466389179230,0.297582075309260007944800463520,-366.563020849916540555568644776940,24964.847052789875306189060211181641,17,AAPL{0.2192982456%} MSFT{14.6929824561%} UNH{0.8771929825%} JNJ{0.6578947368%} V{17.7631578947%} WMT{27.8508771930%} JPM{5.4824561404%} PG{0.2192982456%} CVX{1.7543859649%} MRK{0.2192982456%} CSCO{1.5350877193%} DIS{0.4385964912%} CRM{25.8771929825%} CAT{1.5350877193%} INTC{0.2192982456%} BA{0.4385964912%} TRV{0.2192982456%} 
102,45583.428383228558232076466083526611,13484.711736182402091799303889274597,0.295824869134762413747097298256,-374.171658076538335535587975755334,25208.757022580604825634509325027466,17,AAPL{0.2192982456%} MSFT{14.6929824561%} UNH{0.8771929825%} JNJ{0.6578947368%} V{18.6403508772%} WMT{26.9736842105%} JPM{5.4824561404%} PG{0.2192982456%} CVX{1.7543859649%} MRK{0.2192982456%} CSCO{1.5350877193%} DIS{0.4385964912%} CRM{25.8771929825%} CAT{1.5350877193%} INTC{0.2192982456%} BA{0.4385964912%} TRV{0.2192982456%} 
103,45596.672007517823658417910337448120,13498.415495337936590658500790596008,0.296039489309929571003721093803,-392.907444890500528345000930130482,25809.515435240286024054512381553650,17,AAPL{0.2192982456%} MSFT{14.6929824561%} UNH{0.8771929825%} JNJ{0.6578947368%} V{17.7631578947%} WMT{26.9736842105%} JPM{6.3596491228%} PG{0.2192982456%} CVX{1.7543859649%} MRK{0.2192982456%} CSCO{1.5350877193%} DIS{0.4385964912%} CRM{25.8771929825%} CAT{1.5350877193%} INTC{0.2192982456%} BA{0.4385964912%} TRV{0.2192982456%} 
104,45614.922116408713918644934892654419,14917.984580379239559988491237163544,0.327041763708567301272012173285,-171.901255357902471132547361776233,20304.223914926849829498678445816040,2,WMT{66.6666666667%} CRM{33.3333333333%} 
105,53479.145222136197844520211219787598,14993.159948647546116262674331665039,0.280355265335122560976799377386,-686.584993346436363026441540569067,36506.156406835885718464851379394531,17,AAPL{0.9411764706%} MSFT{5.8823529412%} JNJ{0.4705882353%} V{10.1176470588%} WMT{28.2352941176%} JPM{14.3529411765%} CVX{0.2352941176%} CSCO{6.5882352941%} MCD{0.2352941176%} NKE{0.4705882353%} DIS{2.3529411765%} AMGN{0.2352941176%} CRM{27.0588235294%} CAT{0.2352941176%} INTC{0.4705882353%} BA{0.2352941176%} TRV{1.8823529412%} 
106,53996.887814472785976249724626541138,15024.196378445411028224043548107147,0.278241894793397226415265777177,-619.888485560490494208352174609900,34447.368926007446134462952613830566,17,AAPL{0.1831501832%} MSFT{12.2710622711%} UNH{0.7326007326%} JNJ{0.5494505495%} V{14.8351648352%} WMT{22.5274725275%} JPM{22.1611721612%} PG{0.1831501832%} CVX{1.4652014652%} MRK{0.1831501832%} CSCO{1.2820512821%} DIS{0.3663003663%} CRM{21.6117216117%} CAT{0.9157509158%} INTC{0.1831501832%} BA{0.3663003663%} TRV{0.1831501832%} 
107,54127.330035188213514629751443862915,15179.059376123495894717052578926086,0.280432442654303837326068560287,-616.525368985921318198961671441793,34496.854271015698031987994909286499,17,AAPL{0.1838235294%} MSFT{12.3161764706%} UNH{0.7352941176%} JNJ{0.5514705882%} V{14.8897058824%} WMT{22.6102941176%} JPM{22.2426470588%} PG{0.1838235294%} CVX{1.4705882353%} MRK{0.1838235294%} CSCO{1.2867647059%} DIS{0.3676470588%} CRM{21.6911764706%} CAT{0.5514705882%} INTC{0.1838235294%} BA{0.3676470588%} TRV{0.1838235294%} 
108,54667.803761042247060686349868774414,15220.936447904623491922393441200256,0.278425972889576267554900823598,-617.507483407795234597870148718357,34569.504261348876752890646457672119,16,AAPL{0.1838235294%} MSFT{12.3161764706%} JNJ{0.5514705882%} V{14.8897058824%} WMT{22.6102941176%} JPM{22.2426470588%} PG{0.1838235294%} CVX{1.4705882353%} MRK{0.1838235294%} CSCO{1.2867647059%} DIS{0.3676470588%} CRM{21.6911764706%} CAT{1.2867647059%} INTC{0.1838235294%} BA{0.3676470588%} TRV{0.1838235294%} 
109,55731.176181480943341739475727081299,15228.192264146040542982518672943115,0.273243690650947668174808313779,-590.398887861934440479672048240900,33727.357417153318237978965044021606,18,AAPL{0.1779359431%} MSFT{13.1672597865%} JNJ{0.1779359431%} V{14.2348754448%} WMT{22.5978647687%} JPM{15.4804270463%} CVX{1.4234875445%} KO{0.1779359431%} CSCO{6.0498220641%} DIS{0.1779359431%} AMGN{0.1779359431%} CRM{22.5978647687%} GS{1.7793594306%} CAT{0.1779359431%} AXP{0.3558718861%} BA{0.8896797153%} TRV{0.1779359431%} WBA{0.1779359431%} 
110,56758.878456653925240971148014068604,15414.878975641046054079197347164154,0.271585334220675322924876127217,-588.002834449803117422561626881361,33838.967788401540019549429416656494,17,AAPL{0.1792114695%} MSFT{13.2616487455%} JNJ{0.8960573477%} V{14.3369175627%} WMT{22.7598566308%} JPM{15.5913978495%} KO{0.1792114695%} CSCO{6.0931899642%} DIS{0.1792114695%} AMGN{0.1792114695%} CRM{22.7598566308%} GS{1.7921146953%} CAT{0.1792114695%} AXP{0.3584229391%} BA{0.8960573477%} TRV{0.1792114695%} WBA{0.1792114695%} 
111,56903.046185086066543590277433395386,15422.363632847325789043679833412170,0.271028787855814856655456424050,-758.122346593593988473003264516592,39176.863826113272807560861110687256,16,AAPL{0.8639308855%} MSFT{5.3995680346%} JNJ{0.4319654428%} V{9.2872570194%} WMT{25.9179265659%} JPM{20.0863930886%} CVX{0.2159827214%} CSCO{6.0475161987%} MCD{0.2159827214%} DIS{2.1598272138%} AMGN{0.2159827214%} CRM{24.8380129590%} CAT{0.2159827214%} INTC{0.4319654428%} BA{1.9438444924%} TRV{1.7278617711%} 
112,56941.948175846126105170696973800659,15459.745221335970200016163289546967,0.271500110491367963039266442138,-762.195633002286854207341093569994,39341.875055407625040970742702484131,17,AAPL{0.8752735230%} MSFT{5.4704595186%} JNJ{0.4376367615%} V{9.4091903720%} WMT{26.2582056893%} JPM{20.3501094092%} CVX{0.2188183807%} CSCO{6.1269146608%} MCD{0.2188183807%} NKE{0.4376367615%} DIS{2.1881838074%} AMGN{0.2188183807%} CRM{25.1641137856%} CAT{0.2188183807%} INTC{0.4376367615%} BA{0.2188183807%} TRV{1.7505470460%} 
113,58495.420469842487364076077938079834,15461.081072515402411227114498615265,0.264312675220215176352667185711,-637.759816315198577285627834498882,35444.221983724957681261003017425537,17,AAPL{0.1831501832%} MSFT{13.5531135531%} JNJ{0.9157509158%} V{14.6520146520%} WMT{20.3296703297%} JPM{15.9340659341%} KO{0.1831501832%} CSCO{6.2271062271%} DIS{0.1831501832%} AMGN{0.1831501832%} CRM{23.2600732601%} GS{1.8315018315%} CAT{0.1831501832%} AXP{0.3663003663%} BA{0.9157509158%} TRV{0.9157509158%} WBA{0.1831501832%} 
114,58745.998416178619663696736097335815,15467.268313362246772157959640026093,0.263290585407815080909443850032,-706.038473197395205716020427644253,37589.807140213961247354745864868164,18,AAPL{0.1730103806%} MSFT{12.8027681661%} JNJ{0.1730103806%} V{13.8408304498%} WMT{19.2041522491%} JPM{20.5882352941%} CVX{1.3840830450%} KO{0.1730103806%} CSCO{5.8823529412%} DIS{0.1730103806%} AMGN{0.1730103806%} CRM{21.9723183391%} GS{1.7301038062%} CAT{0.1730103806%} AXP{0.3460207612%} BA{0.8650519031%} TRV{0.1730103806%} WBA{0.1730103806%} 
115,58915.614348770679498557001352310181,15503.891759436826760065741837024689,0.263154206755043862386855835211,-638.503403829561420934624038636684,35510.331746096417191438376903533936,17,AAPL{1.7182130584%} MSFT{8.5910652921%} JNJ{0.6872852234%} V{21.1340206186%} WMT{20.6185567010%} JPM{20.9621993127%} CVX{0.3436426117%} CSCO{0.5154639175%} NKE{0.1718213058%} DIS{1.2027491409%} VZ{0.1718213058%} AMGN{0.1718213058%} HON{0.5154639175%} CRM{21.1340206186%} GS{1.5463917526%} BA{0.1718213058%} DD{0.3436426117%} 
116,58940.690786271188699174672365188599,15561.490721279593344661407172679901,0.264019483207418859116444309620,-585.455646686084719476639293134212,33905.767650776913797017186880111694,17,AAPL{0.1742160279%} MSFT{12.8919860627%} JNJ{0.8710801394%} V{19.5121951220%} WMT{19.3379790941%} JPM{15.1567944251%} KO{0.1742160279%} CSCO{5.9233449477%} DIS{0.1742160279%} AMGN{0.1742160279%} CRM{22.1254355401%} GS{1.7421602787%} CAT{0.1742160279%} AXP{0.3484320557%} BA{0.8710801394%} TRV{0.1742160279%} WBA{0.1742160279%} 
117,59406.765811166078492533415555953979,15562.654893628767240443266928195953,0.261967718342000943643199661892,-642.151842879409173292515333741903,35683.412637183588230982422828674316,17,AAPL{1.7094017094%} MSFT{8.5470085470%} JNJ{0.6837606838%} V{21.0256410256%} WMT{20.5128205128%} JPM{21.5384615385%} CVX{0.3418803419%} CSCO{0.5128205128%} NKE{0.1709401709%} DIS{1.1965811966%} VZ{0.1709401709%} AMGN{0.1709401709%} HON{0.5128205128%} CRM{20.8547008547%} GS{1.5384615385%} BA{0.1709401709%} DD{0.3418803419%} 
118,59620.081692136489436961710453033447,15623.090564543583241174928843975067,0.262044098584389706374508932640,-597.026422467185739151318557560444,34329.918468515403219498693943023682,18,AAPL{0.1742160279%} MSFT{13.0662020906%} JNJ{0.3484320557%} V{14.1114982578%} WMT{20.7317073171%} JPM{18.1184668990%} PG{0.1742160279%} MRK{0.1742160279%} CSCO{5.4006968641%} DIS{1.7421602787%} VZ{0.5226480836%} CRM{22.1254355401%} GS{0.5226480836%} CAT{0.5226480836%} INTC{0.1742160279%} BA{0.3484320557%} TRV{1.5679442509%} DD{0.1742160279%} 
119,59767.686054475343553349375724792480,15650.847300195047864690423011779785,0.261861355748824908840077796413,-704.696429127908345435571391135454,37731.335412869506399147212505340576,17,AAPL{0.1742160279%} MSFT{12.8919860627%} JNJ{0.8710801394%} V{13.9372822300%} WMT{19.3379790941%} JPM{20.7317073171%} KO{0.1742160279%} CSCO{5.9233449477%} DIS{0.1742160279%} AMGN{0.1742160279%} CRM{22.1254355401%} GS{1.7421602787%} CAT{0.1742160279%} AXP{0.3484320557%} BA{0.8710801394%} TRV{0.1742160279%} WBA{0.1742160279%} 
120,59993.177709739225974772125482559204,15654.312996405002195388078689575195,0.260934886165626434006981071434,-546.041427940707990273949690163136,32763.611071880521194543689489364624,19,AAPL{0.1736111111%} MSFT{13.0208333333%} UNH{0.6944444444%} JNJ{0.3472222222%} V{14.0625000000%} WMT{22.0486111111%} JPM{18.0555555556%} PG{0.1736111111%} MRK{0.1736111111%} CSCO{5.3819444444%} DIS{1.7361111111%} VZ{0.1736111111%} CRM{20.6597222222%} GS{0.5208333333%} CAT{0.5208333333%} INTC{0.1736111111%} BA{0.3472222222%} TRV{1.5625000000%} DD{0.1736111111%} 
121,60391.468418580880097579210996627808,15672.829310827482913737185299396515,0.259520586619903459446589977233,-630.413183534609174785146024078131,35425.775728245236678048968315124512,18,AAPL{1.7094017094%} MSFT{8.5470085470%} JNJ{0.6837606838%} V{21.0256410256%} WMT{20.5128205128%} JPM{20.8547008547%} CVX{0.3418803419%} CSCO{0.5128205128%} NKE{0.1709401709%} DIS{1.1965811966%} VZ{0.1709401709%} AMGN{0.1709401709%} HON{0.5128205128%} CRM{20.8547008547%} GS{1.5384615385%} BA{0.1709401709%} TRV{0.6837606838%} DD{0.3418803419%} 
122,60604.412183251661190297454595565796,15675.294734307011822238564491271973,0.258649398114927320246891895295,-628.727935943580746425141114741564,35375.436727205873467028141021728516,19,AAPL{0.3418803419%} MSFT{8.5470085470%} UNH{0.6837606838%} JNJ{0.6837606838%} V{21.0256410256%} WMT{20.5128205128%} JPM{20.8547008547%} CVX{0.3418803419%} CSCO{0.5128205128%} NKE{0.1709401709%} DIS{1.1965811966%} VZ{0.1709401709%} AMGN{0.1709401709%} HON{0.5128205128%} CRM{20.8547008547%} GS{1.5384615385%} BA{0.1709401709%} TRV{1.3675213675%} DD{0.3418803419%} 
123,60678.137623144604731351137161254883,15679.622949046390203875489532947540,0.258406463402490349512419243183,-563.214600821516569340019486844540,33327.013774787243164610117673873901,19,AAPL{0.1760563380%} MSFT{13.2042253521%} JNJ{0.3521126761%} V{14.2605633803%} WMT{20.9507042254%} JPM{18.3098591549%} PG{0.1760563380%} CVX{0.3521126761%} MRK{0.1760563380%} CSCO{5.4577464789%} DIS{1.7605633803%} VZ{0.5281690141%} CRM{20.9507042254%} GS{0.5281690141%} CAT{0.5281690141%} INTC{0.1760563380%} BA{0.3521126761%} TRV{1.5845070423%} DD{0.1760563380%} 
124,60792.670063497142109554260969161987,15812.442524796193538350053131580353,0.260104425554599005820932688948,-537.906893902840010923682712018490,32666.858533751845243386924266815186,18,AAPL{0.1742160279%} MSFT{13.0662020906%} JNJ{0.3484320557%} V{14.1114982578%} WMT{22.1254355401%} JPM{18.1184668990%} PG{0.1742160279%} MRK{0.1742160279%} CSCO{5.4006968641%} DIS{1.7421602787%} VZ{0.5226480836%} CRM{20.7317073171%} GS{0.5226480836%} CAT{0.5226480836%} INTC{0.1742160279%} BA{0.3484320557%} TRV{1.5679442509%} DD{0.1742160279%} 
125,61302.930098547352827154099941253662,15821.048354130092775449156761169434,0.258079806767751718243886216442,-550.003034149910490668844431638718,33054.476757493954210076481103897095,18,AAPL{0.1742160279%} MSFT{13.0662020906%} JNJ{0.3484320557%} V{15.5052264808%} WMT{20.7317073171%} JPM{18.1184668990%} PG{0.1742160279%} MRK{0.1742160279%} CSCO{5.4006968641%} DIS{1.7421602787%} VZ{0.5226480836%} CRM{20.7317073171%} GS{0.5226480836%} CAT{0.5226480836%} INTC{0.1742160279%} BA{0.3484320557%} TRV{1.5679442509%} DD{0.1742160279%} 
126,61653.158251919929170981049537658691,15839.680867598357508541084825992584,0.256915968568489305745572437445,-561.178515891341248789103701710701,33423.274365527053305413573980331421,18,AAPL{0.1760563380%} MSFT{13.2042253521%} JNJ{0.3521126761%} V{14.2605633803%} WMT{20.9507042254%} JPM{18.3098591549%} PG{0.1760563380%} MRK{0.1760563380%} CSCO{5.4577464789%} DIS{1.7605633803%} VZ{0.5281690141%} CRM{20.9507042254%} GS{0.5281690141%} CAT{0.5281690141%} INTC{0.1760563380%} BA{0.3521126761%} TRV{1.9366197183%} DD{0.1760563380%} 
127,62194.457305768075457308441400527954,15924.087284187708064564503729343414,0.256037080698361008135321981172,-596.077650114192692853976041078568,34601.186987765744561329483985900879,18,AAPL{0.1718213058%} MSFT{12.8865979381%} JNJ{0.3436426117%} V{13.9175257732%} WMT{20.4467353952%} JPM{20.6185567010%} PG{0.1718213058%} MRK{0.1718213058%} CSCO{5.3264604811%} DIS{1.7182130584%} VZ{0.5154639175%} CRM{20.4467353952%} GS{0.5154639175%} CAT{0.5154639175%} INTC{0.1718213058%} BA{0.3436426117%} TRV{1.5463917526%} DD{0.1718213058%} 
128,62588.642890607290610205382108688354,15993.447083947299688588827848434448,0.255532734779067127739438092249,-512.859632194126788817811757326126,32063.048892696606344543397426605225,18,AAPL{0.1672240803%} MSFT{12.5418060201%} JNJ{0.3344481605%} V{18.8963210702%} WMT{19.8996655518%} JPM{17.3913043478%} PG{0.1672240803%} MRK{0.1672240803%} CSCO{5.1839464883%} DIS{1.6722408027%} VZ{0.5016722408%} CRM{19.8996655518%} GS{0.5016722408%} CAT{0.5016722408%} INTC{0.1672240803%} BA{0.3344481605%} TRV{1.5050167224%} DD{0.1672240803%} 
129,63125.951518166999449022114276885986,16729.928173772343143355101346969604,0.265024570266598535894786436984,393.355873725180742894735885784030,4404.777463716679449134971946477890,2,WMT{80.0000000000%} CRM{20.0000000000%} 
130,72420.855565228936029598116874694824,16792.895260879064153414219617843628,0.231879271928150942905233478086,-543.578600871573826225358061492443,33825.024754855039645917713642120361,19,AAPL{0.1666666667%} MSFT{12.5000000000%} UNH{0.6666666667%} JNJ{0.3333333333%} V{13.5000000000%} WMT{19.8333333333%} JPM{17.3333333333%} PG{0.1666666667%} MRK{0.1666666667%} CSCO{5.1666666667%} DIS{1.6666666667%} VZ{0.1666666667%} CRM{19.8333333333%} GS{0.5000000000%} CAT{0.5000000000%} INTC{0.1666666667%} BA{0.3333333333%} TRV{6.8333333333%} DD{0.1666666667%} 
131,73296.605356828760704956948757171631,16949.337347410535585368052124977112,0.231243142365138626415088651811,-535.662721434464515368745196610689,33733.435952357089263387024402618408,18,AAPL{0.1672240803%} MSFT{12.5418060201%} JNJ{0.3344481605%} V{13.5451505017%} WMT{19.8996655518%} JPM{17.3913043478%} PG{0.1672240803%} MRK{0.1672240803%} CSCO{5.1839464883%} DIS{1.6722408027%} VZ{0.5016722408%} CRM{19.8996655518%} GS{0.5016722408%} CAT{0.5016722408%} INTC{0.1672240803%} BA{0.3344481605%} TRV{6.8561872910%} DD{0.1672240803%} 
132,76752.277690720147802494466304779053,17092.013683889916137559339404106140,0.222690637960786558258163836399,-415.011846660340950165846152231097,30095.718212580592080485075712203979,17,AAPL{0.1838235294%} MSFT{12.3161764706%} UNH{0.7352941176%} JNJ{0.5514705882%} V{14.8897058824%} WMT{22.6102941176%} JPM{10.4779411765%} PG{0.1838235294%} CVX{1.4705882353%} MRK{0.1838235294%} CSCO{1.2867647059%} DIS{0.3676470588%} CRM{21.6911764706%} CAT{0.5514705882%} INTC{0.1838235294%} BA{0.3676470588%} TRV{11.9485294118%} 
133,76876.244797001068945974111557006836,17157.264850285588181577622890472412,0.223180319168697099962983543264,-557.032232038218126035644672811031,34610.941454149760829750448465347290,18,AAPL{0.1703577513%} MSFT{12.7768313458%} JNJ{0.8517887564%} V{13.6286201022%} WMT{18.9097103918%} JPM{14.8211243612%} PG{0.3407155026%} CVX{1.3628620102%} KO{0.1703577513%} CSCO{0.3407155026%} DIS{0.1703577513%} AMGN{0.1703577513%} CRM{21.6354344123%} GS{2.3850085179%} CAT{0.1703577513%} AXP{0.3407155026%} BA{0.8517887564%} TRV{10.9028960818%} 
134,77674.555148741492303088307380676270,17258.871680374464631313458085060120,0.222194663971037847938205800347,-563.166252878596992559323552995920,34904.747603903837443795055150985718,18,AAPL{0.1718213058%} MSFT{12.7147766323%} JNJ{0.8591065292%} V{13.7457044674%} WMT{19.0721649485%} JPM{14.9484536082%} CVX{1.3745704467%} KO{0.1718213058%} CSCO{0.3436426117%} DIS{0.1718213058%} AMGN{0.1718213058%} CRM{21.8213058419%} GS{1.7182130584%} CAT{0.1718213058%} AXP{0.3436426117%} BA{0.8591065292%} TRV{11.1683848797%} WBA{0.1718213058%} 
135,79343.951486313017085194587707519531,17259.873301708015787880867719650269,0.217532313155406387128465439673,-223.747665967382602048019180074334,24270.633502019332809140905737876892,19,AAPL{0.1543209877%} MSFT{19.4444444444%} UNH{0.1543209877%} JNJ{0.6172839506%} V{19.2901234568%} WMT{18.8271604938%} JPM{7.0987654321%} PG{0.3086419753%} HD{0.1543209877%} CSCO{0.1543209877%} MCD{0.1543209877%} DIS{1.2345679012%} VZ{0.4629629630%} AMGN{0.6172839506%} CRM{18.8271604938%} GS{1.3888888889%} CAT{0.1543209877%} AXP{0.1543209877%} TRV{10.8024691358%} 
136,79427.044004423936712555587291717529,17300.183632926797145046293735504150,0.217812255885579841852006666159,-464.058803132020500470389379188418,31840.692797730109305121004581451416,19,AAPL{0.3236245955%} MSFT{9.3851132686%} JNJ{1.1326860841%} V{20.5501618123%} WMT{19.4174757282%} JPM{13.2686084142%} CVX{0.9708737864%} CSCO{0.4854368932%} NKE{0.1618122977%} DIS{1.1326860841%} VZ{0.1618122977%} AMGN{0.1618122977%} HON{0.1618122977%} CRM{19.7411003236%} GS{1.4563106796%} INTC{0.6472491909%} BA{0.1618122977%} TRV{10.3559870550%} DD{0.3236245955%} 
137,79660.415434075475786812603473663330,17325.776467859166587004438042640686,0.217495431996553550968442891644,-282.137947815585505395574728026986,26166.098832747513370122760534286499,19,AAPL{0.1612903226%} MSFT{15.1612903226%} UNH{0.1612903226%} JNJ{0.6451612903%} V{20.1612903226%} WMT{20.3225806452%} JPM{7.4193548387%} PG{0.3225806452%} HD{0.1612903226%} CSCO{0.1612903226%} MCD{0.1612903226%} DIS{1.2903225806%} VZ{0.4838709677%} AMGN{0.6451612903%} CRM{19.6774193548%} GS{1.4516129032%} CAT{0.1612903226%} AXP{0.1612903226%} TRV{11.2903225806%} 
138,80082.286170717939967289566993713379,17937.996550274903711397200822830200,0.223994561194656882641140782653,770.109391833584254527522716671228,-6192.097727177400884102098643779755,2,WMT{88.8888888889%} CRM{11.1111111111%} 
139,85814.323506533313775435090065002441,18014.394275042974186362698674201965,0.209922930566148219222455395538,-511.238109932911072519345907494426,34033.188386274188815150409936904907,18,AAPL{0.1587301587%} MSFT{11.9047619048%} JNJ{0.3174603175%} V{12.8571428571%} WMT{18.8888888889%} JPM{16.5079365079%} PG{0.1587301587%} MRK{0.1587301587%} CSCO{4.9206349206%} DIS{1.5873015873%} VZ{0.4761904762%} CRM{18.8888888889%} GS{0.4761904762%} CAT{0.4761904762%} INTC{0.1587301587%} BA{0.3174603175%} TRV{11.5873015873%} DD{0.1587301587%} 
140,87887.009090566163649782538414001465,19654.697857457213103771209716796875,0.223635985122708630390420125877,951.850054499206407854217104613781,-10169.937183517919038422405719757080,2,V{33.3333333333%} WMT{66.6666666667%} 
141,90334.654387601840426214039325714111,19758.205533613567240536212921142578,0.218722323869601498191883592881,807.215340767249927012016996741295,-5534.541810426931988331489264965057,2,V{50.0000000000%} WMT{50.0000000000%} 
142,98201.514725905566592700779438018799,20187.212446826262748800218105316162,0.205569257288664569705005646938,238.986751383873979648342356085777,12698.960903464878356317058205604553,2,WMT{66.6666666667%} JPM{33.3333333333%} 
143,102079.282350407622288912534713745117,20556.923153663992707151919603347778,0.201381932556091325370317690613,-262.103070965060510388866532593966,28769.486043902554229134693741798401,2,WMT{50.0000000000%} JPM{50.0000000000%} 
144,109928.759838976067840121686458587646,20926.633860501551680499687790870667,0.190365413847613129671998422054,-763.192893314006823857198469340801,44840.011184340430190786719322204590,2,WMT{33.3333333333%} JPM{66.6666666667%} 
145,118552.556728796233073808252811431885,21222.465648121320555219426751136780,0.179013141797273594990613787559,-1164.060716540236626315163448452950,57696.368099715400603599846363067627,2,WMT{20.0000000000%} JPM{80.0000000000%} 
146,119420.729454850792535580694675445557,21501.459020296893868362531065940857,0.180047962514128800926016538142,1097.355936172448309662286192178726,-12882.360313106484682066366076469421,2,WMT{88.8888888889%} TRV{11.1111111111%} 
147,129461.277061883534770458936691284180,21535.787765058281365782022476196289,0.166349260982216334836536475450,-1588.514856749160117033170536160469,71309.253276531962910667061805725098,2,WMT{5.8823529412%} JPM{94.1176470588%} 
148,130903.882790950505295768380165100098,21572.305709443397063296288251876831,0.164795002634824133691537895174,-1639.561825722207231592619791626930,72945.242915405891835689544677734375,2,V{5.8823529412%} JPM{94.1176470588%} 
149,131849.708849312970414757728576660156,21599.163714938262273790314793586731,0.163816544635857264111677977780,-1674.285806223989084173808805644512,74060.118976623256457969546318054199,2,WMT{3.0303030303%} JPM{96.9696969697%} 
150,132580.006029118609149008989334106445,21617.743715241118479752913117408752,0.163054327441297608469739088832,-1700.582286070170994207728654146194,74902.655345439809025265276432037354,2,V{3.0303030303%} JPM{96.9696969697%} 
151,133119.050358756008790805935859680176,21632.113399066533020231872797012329,0.162502011100349341710114003945,-1719.111283369169086654437705874443,75497.600277967168949544429779052734,2,WMT{1.5384615385%} JPM{98.4615384615%} 
152,133486.760534536995692178606986999512,21641.555255052742722909897565841675,0.162125106402993629517439444498,-1732.463946604559396291733719408512,75925.425581995601532980799674987793,2,V{1.5384615385%} JPM{98.4615384615%} 
153,134444.305574281257577240467071533203,21666.213329550941125489771366119385,0.161153819323200969693132833527,-1765.362451379587582778185606002808,76980.903472778023569844663143157959,1,JPM{100.0000000000%} 
154,135588.588448984373826533555984497070,21916.228668589759763563051819801331,0.161637708005462482629965847991,-1739.016291708188646225607953965664,76405.405808779672952368855476379395,2,JPM{98.4615384615%} TRV{1.5384615385%} 
155,136845.773705781757598742842674255371,22158.723114224048913456499576568604,0.161924789594637213996364266677,-1713.485996595737560710404068231583,75847.951007557159755378961563110352,2,JPM{96.9696969697%} TRV{3.0303030303%} 
156,137300.099846486526075750589370727539,23145.147737004008376970887184143066,0.168573422472979267405790437806,982.349690011773645892390049993992,-7635.142550031568134727422147989273,2,WMT{80.0000000000%} TRV{20.0000000000%} 
157,146000.492076706112129613757133483887,23473.416039134768652729690074920654,0.160776280307344754394449637402,-1575.090759522638563794316723942757,72826.259837510777288116514682769775,2,JPM{88.8888888889%} TRV{11.1111111111%} 
158,159978.329136276646750047802925109863,24919.531822215569263789802789688110,0.155768171581464665020888560321,-1422.830785273936498924740590155125,69501.563094132245169021189212799072,2,JPM{80.0000000000%} TRV{20.0000000000%} 
159,169425.885461139434482902288436889648,25610.155825591089524095878005027771,0.151158459381138615684747605883,809.835897495433641779527533799410,235.297704067504582781111821532249,2,WMT{66.6666666667%} TRV{33.3333333333%} 
160,186585.788303635170450434088706970215,27088.708123182932467898353934288025,0.145180982804011204923000377676,-1194.476754564045677398098632693291,64515.646432856359751895070075988770,2,JPM{66.6666666667%} TRV{33.3333333333%} 
161,214548.172274243261199444532394409180,28690.667970458252966636791825294495,0.133725995734817082460921255915,594.189543595070290393778122961521,10072.728937812717049382627010345459,2,WMT{50.0000000000%} TRV{50.0000000000%} 
162,225993.261636009498033672571182250977,29799.509561212409607833251357078552,0.131860168508954295196744510577,-909.033286115472606070397887378931,58282.552526163883158005774021148682,2,JPM{50.0000000000%} TRV{50.0000000000%} 
163,260195.230025667086010798811912536621,30693.208090580163116101175546646118,0.117962224317303646103916037191,327.113581847745251707237912341952,20443.649192684144509257748723030090,2,MSFT{33.3333333333%} TRV{66.6666666667%} 
164,262541.389418483478948473930358886719,31772.072032898366160225123167037964,0.121017383595295097142852114303,378.541949613085591863637091591954,19911.090945021685911342501640319824,2,WMT{33.3333333333%} TRV{66.6666666667%} 
165,269436.637201030622236430644989013672,32511.202916814898344455286860466003,0.120663630805924196320866315091,-623.591057748512639591353945434093,52050.389392934957868419587612152100,2,JPM{33.3333333333%} TRV{66.6666666667%} 
166,300092.887437461584340780973434448242,33589.898163445992395281791687011719,0.111931670391375137629808023121,175.180281328519129147025523707271,28100.916015152397449128329753875732,2,MSFT{20.0000000000%} TRV{80.0000000000%} 
167,302082.915630415314808487892150878906,34237.080121485574636608362197875977,0.113336697807078515265466478468,206.028157096747122523083817213774,27781.531199120836390648037195205688,2,WMT{20.0000000000%} TRV{80.0000000000%} 
168,305944.244326442771125584840774536133,34680.379217782327032182365655899048,0.113355226845772372179510512069,-395.237027038626365538220852613449,47064.472731659290730021893978118896,2,JPM{20.0000000000%} TRV{80.0000000000%} 
169,327531.563946334528736770153045654297,35520.202921388881804887205362319946,0.108448182805394616190497458774,73.876999551815174527291674166918,33205.390268765338987577706575393677,2,MSFT{11.1111111111%} TRV{88.8888888889%} 
170,328806.928703170851804316043853759766,35879.718865245515189599245786666870,0.109120933086041468906834950303,91.013064385391544419690035283566,33027.976181169913616031408309936523,2,WMT{11.1111111111%} TRV{88.8888888889%} 
171,330866.983881456020753830671310424805,36126.051668422871443908661603927612,0.109186027704009952499220048594,-243.012363412276727103744633495808,43740.439055340881168376654386520386,2,JPM{11.1111111111%} TRV{88.8888888889%} 
172,343914.770722183922771364450454711914,36656.055914521581144072115421295166,0.106584709454461107336342706731,14.283560559179477422730997204781,36208.504350333962065633386373519897,2,MSFT{5.8823529412%} TRV{94.1176470588%} 
173,344636.444537564995698630809783935547,36846.573325851044501177966594696045,0.106914326415164739891849876585,23.367817223480642496724613010883,36114.381719515324220992624759674072,2,WMT{5.8823529412%} TRV{94.1176470588%} 
174,345703.321024041972123086452484130859,36976.998890343711536843329668045044,0.106961653653804916741520969481,-153.479777406938069361785892397165,41786.031915761101117823272943496704,2,JPM{5.8823529412%} TRV{94.1176470588%} 
175,352913.689230994030367583036422729492,37275.531009178201202303171157836914,0.105622230439409492408486812565,-18.221838883933173747209366410971,37846.481960874778451398015022277832,2,MSFT{3.0303030303%} TRV{96.9696969697%} 
176,353297.437026505474932491779327392578,37373.694978721003280952572822570801,0.105785355515944798354688316522,-13.540481183574797796609345823526,37797.963389139680657535791397094727,2,WMT{3.0303030303%} TRV{96.9696969697%} 
177,353840.187151024176273494958877563477,37440.744593333620287012308835983276,0.105812584191725400639683130066,-104.617126339174546956201083958149,40718.747885294425941538065671920776,2,JPM{3.0303030303%} TRV{96.9696969697%} 
178,355695.100227935472503304481506347656,37440.795842862826248165220022201538,0.105260926616279296141875931880,-97.974550696823257567302789539099,40510.665098029960063286125659942627,2,CRM{1.5384615385%} TRV{98.4615384615%} 
179,357640.788833814847748726606369018555,37599.775619221618399024009704589844,0.105132794673185689382499674593,-35.241472210433130385354161262512,38704.008415148535277694463729858398,2,MSFT{1.5384615385%} TRV{98.4615384615%} 
180,357839.841948487737681716680526733398,37650.031026056552946101874113082886,0.105214754234874724447834637431,-32.836903297936146373103838413954,38678.920662725227884948253631591797,2,WMT{1.5384615385%} TRV{98.4615384615%} 
181,358114.007556632219348102807998657227,37684.130956540910119656473398208618,0.105229424600436868852959548803,-79.088071308351118204882368445396,40162.223857535915158223360776901245,2,JPM{1.5384615385%} TRV{98.4615384615%} 
182,362521.642364301136694848537445068359,37934.146295579841535072773694992065,0.104639673505228930627808381360,-52.741911636948429986659903079271,39586.726193537549988832324743270874,1,TRV{100.0000000000%} 

exe_time:,13.154397775999999709028998040594 s
fitness:,5379676
max_TR:,0.327041763708567301272012173285
idx of max_TR in NDS:,104
#in front:,182
exp_time:,50
generation:,10000
theta:,0.000200000000000000009584347205
