Non-Dominant Set,Risk,Profit
1,28660.90223500743013573810,3528.61221870881990980706,0.12311588064380085683,13,7203.T 4063.T 4502.T 2914.T 6954.T 4503.T 9022.T JNJ PG CVX MRK VZ MMM 
2,28867.15964283276844071224,4322.07690909090160857886,0.14972297110512572393,13,7203.T 9433.T 4063.T 4502.T 6954.T 4503.T 9022.T JNJ PG CVX MRK VZ MMM 
3,29113.32890045078602270223,4936.96034519104705395875,0.16957732185392937474,13,7203.T 9432.T 4063.T 4502.T 6954.T 4503.T 9022.T JNJ PG CVX MRK VZ MMM 
4,29405.41799417971924412996,6270.87977338606833654922,0.21325593040803833556,13,7203.T 9432.T 4063.T 4502.T 8031.T 4503.T 9022.T JNJ V CVX MRK VZ MMM 
5,29864.85830997886296245269,11282.57885111992800375447,0.37778779105575183150,13,7203.T 9432.T 4063.T 4502.T 6954.T 4503.T 9022.T JNJ V CVX MRK VZ MMM 
6,30180.84417315036625950597,11331.58320685113903891761,0.37545613839827579605,14,7203.T 9432.T 4063.T 4502.T 6954.T 4503.T 7733.T 9022.T JNJ V CVX MRK VZ MMM 
7,30799.83576792624080553651,11504.95277206852915696800,0.37353941945526031310,14,7203.T 9432.T 4063.T 4502.T 6954.T 4503.T 5108.T 9022.T JNJ V CVX MRK VZ MMM 
8,30801.97336325108335586265,11669.34593043480526830535,0.37885059482445870849,15,7203.T 9433.T 4063.T 4502.T 2914.T 3382.T 8411.T 4503.T 7733.T 9022.T JNJ V MRK VZ MMM 
9,30856.82840284623671323061,14999.22015968379855621606,0.48609079208867328470,15,7203.T 9432.T 9433.T 4063.T 4502.T 3382.T 6954.T 7733.T 9022.T JNJ V CVX MRK VZ MMM 
10,31636.17726031129132024944,15305.28603003952048311476,0.48379062691751145708,13,7203.T 9432.T 9433.T 4502.T 2914.T 3382.T 6954.T 7733.T 9022.T V MRK VZ MMM 
11,31719.45907167844779905863,15594.20333069829757732805,0.49162891761360433263,10,7203.T 2914.T 3382.T 6954.T 7733.T 9022.T JNJ V MRK VZ 
12,31956.22645873361761914566,16240.84001897231246402953,0.50822145849869893031,11,7203.T 9432.T 4502.T 3382.T 6954.T 7733.T 9022.T JNJ V MRK VZ 
13,32703.92989127723558340222,16464.70681001318371272646,0.50344734913355582151,13,7203.T 9433.T 4502.T 6902.T 2914.T 3382.T 6954.T 7733.T 9022.T V MRK VZ MMM 
14,32733.16549423616379499435,17423.69273781291485647671,0.53229476815742049478,10,7203.T 9432.T 3382.T 6954.T 7733.T 9022.T JNJ V MRK VZ 
15,32926.58884675109584350139,18008.35687272733775898814,0.54692446146009576768,17,7203.T 6758.T 9432.T 9433.T 4063.T 4502.T 3382.T 6954.T 4503.T 7733.T 9022.T JNJ V MRK MCD VZ MMM 
16,33088.20503322568401927128,18181.60109934121283004060,0.54948889131592570934,16,7203.T 6758.T 9432.T 9433.T 4063.T 4502.T 3382.T 6954.T 4503.T 7733.T 9022.T JNJ V MRK VZ MMM 
17,33359.62562392470863414928,18255.87653544138447614387,0.54724464660504812397,16,7203.T 6758.T 9433.T 4063.T 4502.T 2914.T 3382.T 6954.T 7733.T 9022.T JNJ V CVX MRK VZ MMM 
18,33430.61265277347411029041,19398.49885955203717458062,0.58026154234845284119,16,7203.T 6758.T 9432.T 9433.T 4063.T 4502.T 3382.T 6954.T 7733.T 9022.T JNJ V CVX MRK VZ MMM 
19,33659.87154967187234433368,19939.11648642949148779735,0.59237054594832116994,9,7203.T 4502.T 3382.T 6954.T 7733.T 9022.T JNJ V VZ 
20,33878.58057519843714544550,21349.61674361001132638194,0.63018037890405209644,12,7203.T 4502.T 3382.T 6954.T 4503.T 7733.T 9022.T JNJ V MRK VZ CRM 
21,34035.58545949561084853485,21551.96878524373823893256,0.63321868844864959147,10,7203.T 9432.T 3382.T 6954.T 7733.T 9022.T V MRK MCD VZ 
22,34235.64969603759527672082,21931.83583715419808868319,0.64061398080295728352,12,7203.T 9432.T 4502.T 3382.T 6954.T 7733.T 9022.T JNJ V MRK AMGN CRM 
23,34318.32248545823676977307,22679.97822924902357044630,0.66087082895322901699,10,7203.T 4502.T 3382.T 6954.T 7733.T 9022.T JNJ MRK VZ CRM 
24,34675.24196791757276514545,23246.30883847167206113227,0.67040076778641533028,12,7203.T 4502.T 8031.T 3382.T 6954.T 7733.T 9022.T JNJ V MRK VZ CRM 
25,35162.31162730862706666812,24152.36493333336329669692,0.68688217058447187391,12,7203.T 9432.T 4502.T 3382.T 6954.T 7733.T 9022.T JNJ V MRK VZ CRM 
26,35533.70957518963405163959,24768.13797470354256802239,0.69703214977580518763,13,7203.T 6758.T 9432.T 4502.T 3382.T 6954.T 7733.T 9022.T JNJ V PG MRK CRM 
27,35673.98641569176834309474,25407.69612437417526962236,0.71221914557881305097,12,7203.T 4502.T 6902.T 3382.T 6954.T 7733.T 9022.T JNJ V MRK VZ CRM 
28,35798.00706685738259693608,26279.74132648220984265208,0.73411185369625220343,13,7203.T 6758.T 4502.T 3382.T 6954.T 4503.T 7733.T 9022.T JNJ V MRK VZ CRM 
29,35959.69742895742092514411,27723.80838840579599491321,0.77096890048025057407,13,7203.T 6758.T 8001.T 4502.T 3382.T 6954.T 7733.T 9022.T JNJ V MRK VZ CRM 
30,36725.41170037900155875832,28866.52265454547523404472,0.78600950453736029289,13,7203.T 6758.T 9432.T 4502.T 3382.T 6954.T 7733.T 9022.T JNJ V MRK VZ CRM 
31,37044.07583054601127514616,30577.99467720689062844031,0.82544898183133286196,10,7203.T 4502.T 3382.T 6954.T 7733.T 9022.T V MRK VZ CRM 
32,37772.04310286359395831823,33482.37060131752514280379,0.88643260599210593753,12,7203.T 6758.T 9432.T 4502.T 3382.T 6954.T 7733.T 9022.T V MRK VZ CRM 
33,38633.63228923978022066876,33875.79952042162040015683,0.87684738692966990303,10,7203.T 6758.T 4502.T 3382.T 6954.T 7733.T 9022.T MRK VZ CRM 
34,39663.04387628604308702052,34153.86770276680181268603,0.86110051990202651773,12,7203.T 6758.T 9432.T 4502.T 2914.T 3382.T 6954.T 7733.T V MRK VZ CRM 
35,39673.73099653145618503913,34726.76835098815354285762,0.87530886253234418959,11,7203.T 6758.T 9433.T 4502.T 3382.T 6954.T 9022.T V MRK VZ CRM 
36,39716.73735497915185987949,35453.64999525692837778479,0.89266269981797041755,11,7203.T 6758.T 9432.T 4502.T 3382.T 6954.T 9022.T V MRK VZ CRM 
37,40255.09893312091298867017,35567.31301501976849976927,0.88354802143476662835,11,7203.T 6758.T 4502.T 3382.T 6954.T 7733.T 9022.T V MRK VZ CRM 
38,40704.20596625650796340778,36335.41262081687455065548,0.89266973174562525006,9,7203.T 6758.T 4502.T 3382.T 6954.T 9022.T MRK VZ CRM 
39,41408.58341284542257199064,36510.27772859027027152479,0.88170796292597541921,10,7203.T 6758.T 9432.T 4502.T 3382.T 6954.T 7733.T MRK VZ CRM 
40,41506.47115798212325898930,37128.93040737813862506300,0.89453353589270045987,9,7203.T 6758.T 3382.T 6954.T 7733.T 9022.T MRK VZ CRM 
41,41790.48771182932250667363,37458.65673254286957671866,0.89634409128802117195,10,7203.T 6758.T 4519.T 3382.T 6954.T 9022.T V MRK VZ CRM 
42,43122.69965154188685119152,37826.75953623191162478179,0.87718904061887470469,10,7203.T 6758.T 4063.T 4502.T 3382.T 9022.T V MRK DIS VZ 
43,43168.42583832157833967358,37982.19349143614817876369,0.87986051735336856527,10,7203.T 6758.T 4502.T 3382.T 6954.T 9022.T V MRK VZ CRM 
44,43257.93516758295299950987,38373.38732437418366316706,0.88708319469512730837,9,7203.T 6758.T 9433.T 4502.T 3382.T 6954.T MRK VZ CRM 
45,43274.78202023141784593463,39624.18057865613081958145,0.91564136730097001049,9,7203.T 6758.T 4063.T 4502.T 3382.T 9022.T MRK CRM BA 
46,43915.04529409144015517086,40261.46825823452672921121,0.91680352345330529129,10,7203.T 6758.T 4502.T 3382.T 6954.T 7733.T 9022.T V VZ CRM 
47,44202.33287655494495993480,40631.10186930172494612634,0.91920718263385114977,13,7203.T 6758.T 9432.T 4502.T 3382.T 6954.T 7733.T 9022.T V MRK DIS VZ CRM 
48,45221.57195914510521106422,40900.99753939394577173516,0.90445766848497588519,12,7203.T 6758.T 4502.T 6902.T 3382.T 6954.T 7733.T 9022.T MRK DIS VZ CRM 
49,45261.03210392360051628202,42291.70563689068512758240,0.93439552018577343162,11,7203.T 6758.T 4502.T 3382.T 6954.T 7733.T 9022.T MRK DIS VZ CRM 
50,46142.33437918102572439238,43430.78870513834408484399,0.94123518650443260825,9,7203.T 6758.T 4502.T 3382.T 6954.T 9022.T V VZ CRM 
51,46958.21282695506670279428,43550.42763952572568086907,0.92742941048486415845,11,7203.T 6758.T 4502.T 6902.T 3382.T 6954.T 9022.T MRK DIS VZ CRM 
52,47037.97441248505492694676,44495.47790671935217687860,0.94594800185335237153,14,7203.T 6758.T 9432.T 4063.T 4502.T 3382.T 6954.T 7733.T 9022.T V MRK DIS CRM BA 
53,47948.29145987604715628549,44523.40785665353178046644,0.92857131090711508836,15,7203.T 6758.T 9433.T 4063.T 4502.T 3382.T 8411.T 6954.T 7733.T 9022.T V MRK DIS CRM BA 
54,47988.64890169117279583588,44757.44812015807838179171,0.93266739415497024179,14,7203.T 6758.T 4063.T 4502.T 3382.T 6954.T 5108.T 7733.T 9022.T V MRK DIS CRM BA 
55,48032.23701677583449054509,44967.13668827404035255313,0.93618660052349278455,12,7203.T 6758.T 9432.T 4502.T 3382.T 6954.T 7733.T 9022.T V DIS VZ CRM 
56,48209.20826555522216949612,46651.36197944666491821408,0.96768571104658407389,12,7203.T 6758.T 4063.T 4502.T 3382.T 6954.T 7733.T 9022.T MRK DIS CRM BA 
57,48446.97261762062407797202,47109.29906297759589506313,0.97238891343735889272,13,7203.T 6758.T 4063.T 4502.T 3382.T 6954.T 7733.T 9022.T V MRK DIS CRM BA 
58,49611.32313400629209354520,48096.28248537549370666966,0.96946179716798752679,11,7203.T 6758.T 4502.T 3382.T 6954.T 7733.T 9022.T V DIS VZ CRM 
59,50441.44008895270962966606,48765.10768959159759106115,0.96676676168632524888,11,6758.T 4063.T 4502.T 3382.T 6954.T 7733.T 9022.T MRK DIS CRM BA 
60,50504.05403418615605914965,48848.40727061924553709105,0.96721754727954700748,12,7203.T 6758.T 9432.T 4063.T 4502.T 3382.T 6954.T 7733.T MRK DIS CRM BA 
61,50564.77281824400415644050,49015.79610013179626548663,0.96936648516784540419,10,7203.T 6758.T 3382.T 6954.T 7733.T 9022.T V MRK DIS CRM 
62,50751.89302442035113926977,49832.28950777341378852725,0.98188040954049826681,11,7203.T 6758.T 4063.T 4502.T 3382.T 6954.T 9022.T MRK DIS CRM BA 
63,51270.82820126786828041077,50073.99706245058769127354,0.97665668410662254129,12,7203.T 6758.T 4063.T 4502.T 3382.T 6954.T 9022.T V MRK DIS CRM BA 
64,51605.14216033950651763007,50480.86315731227659853175,0.97821381831418963149,11,7203.T 6758.T 4063.T 3382.T 6954.T 7733.T 9022.T MRK DIS CRM BA 
65,52468.23026846061839023605,50491.27690961793996393681,0.96232094452724370459,11,7203.T 6758.T 9432.T 4502.T 3382.T 6954.T 7733.T V DIS VZ CRM 
66,52577.68950647270685294643,51649.61715836627990938723,0.98234855207944860034,9,7203.T 6758.T 4502.T 3382.T 6954.T 9022.T DIS VZ CRM 
67,52889.12277376152633223683,51764.91687483531859470531,0.97874410011043078139,10,7203.T 6758.T 4502.T 3382.T 6954.T 9022.T V DIS VZ CRM 
68,53267.99429432975739473477,52443.13494492754398379475,0.98451491631457921372,9,7203.T 6758.T 3382.T 6954.T 7733.T 9022.T DIS VZ CRM 
69,54352.67026266144966939464,52500.17513306983892107382,0.96591712751849445606,10,6758.T 4063.T 4502.T 3382.T 6954.T 9022.T MRK DIS CRM BA 
70,54681.96467750956071540713,52875.85758155471557984129,0.96697069853640993387,11,7203.T 6758.T 9432.T 4063.T 3382.T 6954.T 7733.T MRK DIS CRM BA 
71,54786.39432017883518710732,53157.99681581029290100560,0.97027733756574718882,9,7203.T 6758.T 3382.T 6954.T 9022.T V MRK DIS CRM 
72,54814.49192478771874448285,54387.26762318841065280139,0.99220599723544800064,10,7203.T 6758.T 4063.T 3382.T 6954.T 9022.T MRK DIS CRM BA 
73,55710.28145744327048305422,54715.21399631094391224906,0.98213853107361426265,9,7203.T 6758.T 4502.T 3382.T 6954.T 7733.T DIS VZ CRM 
74,55774.53779326501535251737,54938.38511620554345427081,0.98500834412722926281,9,7203.T 6758.T 4063.T 4502.T 3382.T 9022.T DIS CRM BA 
75,56363.76919249505590414628,55636.86635625826602336019,0.98710336716917823630,11,7203.T 6758.T 4063.T 4502.T 3382.T 6954.T 9022.T V DIS CRM BA 
76,56963.28503616453235736117,57537.23371383402991341427,1.01007576507052054815,8,7203.T 6758.T 3382.T 6954.T 9022.T DIS VZ CRM 
77,59085.60991407692199572921,58712.44858234520506812260,0.99368439570524236260,10,7203.T 6758.T 4063.T 4502.T 3382.T 6954.T 7733.T DIS CRM BA 
78,60515.50194763346371473745,58885.84387088275252608582,0.97307040304877712167,10,6758.T 4063.T 4502.T 3382.T 6954.T 9022.T V DIS CRM BA 
79,60664.55034190935839433223,59439.95360843218804802746,0.97981363536735599506,8,7203.T 6758.T 4519.T 3382.T 6954.T DIS VZ CRM 
80,61067.01423296004213625565,59830.40841739134339150041,0.97975002002142663748,8,7203.T 6758.T 9433.T 3382.T 6954.T DIS VZ CRM 
81,61297.94282238993037026376,60095.08140816868399269879,0.98037680615634159587,8,7203.T 6758.T 4502.T 3382.T 6954.T DIS VZ CRM 
82,61757.97164520584192359820,60830.29232779976882738993,0.98497879232926377480,8,7203.T 6758.T 9432.T 3382.T 6954.T DIS VZ CRM 
83,62636.00023830389545764774,61242.32268616602959809825,0.97774957617287971967,8,7203.T 6758.T 4063.T 3382.T 9022.T DIS CRM BA 
84,62826.39274100554757751524,61654.77510303031158400699,0.98135150552403838109,9,7203.T 6758.T 4063.T 3382.T 6954.T 9022.T DIS CRM BA 
85,63101.16174939313350478187,62620.30079472991928923875,0.99237952295437981132,9,6758.T 4063.T 4502.T 3382.T 6954.T 7733.T DIS CRM BA 
86,63619.03516491736081661656,63926.85415441371151246130,1.00483847308747131777,9,7203.T 6758.T 4063.T 4502.T 3382.T 6954.T DIS CRM BA 
87,65357.09954967428348027170,64720.37194097498286282644,0.99025771319280531113,9,7203.T 6758.T 4063.T 3382.T 6954.T 7733.T DIS CRM BA 
88,67419.35058382483839523047,66814.71734123845817521214,0.99103175516597985517,8,7203.T 6758.T 4063.T 4502.T 6954.T DIS CRM BA 
89,69220.55002217533183284104,67023.96420553360076155514,0.96826685404929546674,7,7203.T 6758.T 4502.T 6954.T V DIS CRM 
90,69824.20180803892435505986,68996.18223820817365776747,0.98814136719948264531,8,6758.T 4063.T 4502.T 3382.T 6954.T DIS CRM BA 
91,71388.71243361401138827205,71355.64416179184627253562,0.99953678570890436283,8,7203.T 6758.T 4063.T 3382.T 6954.T DIS CRM BA 
92,73881.05714844969043042511,72217.69769011859898455441,0.97748598189399360514,7,7203.T 6758.T 3382.T 6954.T V DIS CRM 
93,74144.86007404234260320663,73513.34664189722388982773,0.99148270788407344423,6,6758.T 3382.T 6954.T 7733.T DIS CRM 
94,77267.46249042297131381929,73855.36500184451870154589,0.95584043556495246197,8,6758.T 8035.T 4063.T 6954.T 9022.T DIS CRM BA 
95,77473.52275827951962128282,75471.05415177864779252559,0.97415286493750063990,6,7203.T 6758.T 3382.T 6954.T DIS CRM 
96,78570.65623373816197272390,78614.94169169958331622183,1.00056363864175557055,5,6758.T 4502.T 6954.T DIS CRM 
97,80868.99003339784394484013,82393.37173122527019586414,1.01885001528024377038,5,7203.T 6758.T 6954.T DIS CRM 
98,85722.63907697933609597385,82810.53016337283770553768,0.96602870671082108345,5,6758.T 6902.T 6954.T DIS CRM 
99,87883.68458605562045704573,85887.33929907773563172668,0.97728423317273338533,5,6758.T 3382.T 6954.T DIS CRM 
100,90467.17836078928667120636,87284.78951251647958997637,0.96482272459541928988,3,6758.T 6954.T CRM 
101,92941.72412644067662768066,89433.22295019763987511396,0.96225052623867868284,6,6758.T 8035.T 4063.T 6954.T DIS CRM 
102,97009.46237765063415281475,97138.83916996048355940729,1.00133365126595785810,4,6758.T 6954.T DIS CRM 
103,110068.35548744400148279965,97800.59785191039554774761,0.88854419073306634136,5,6758.T 8035.T 6954.T DIS CRM 
104,112212.68139763243380002677,100758.39904980239225551486,0.89792345922791827473,4,8035.T 6954.T DIS CRM 
105,119460.05599692135001532733,100949.32245059288106858730,0.84504666943396111733,3,6954.T DIS CRM 
106,140131.24299478932516649365,107863.19860342555330134928,0.76972983539035877421,3,6758.T DIS CRM 
107,158659.82619861303828656673,112819.72991409749374724925,0.71107937413764632506,3,8035.T DIS CRM 
108,185384.45857585346675477922,126702.08893280642223544419,0.68345582961024708979,1,DIS 

fitness_time:,429341
execution time:,2.60954899999999989646 s
Exp_times:,1
gen:,7000
theta:,0.00029999999999999997
market:,NIKKEI30&DJIA30
