Non-Dominant Set,Risk,Profit,TrendRaio,# of Portfolio,Portfolio{%},
1,36013.34267,13168.54361,0.365657,11,V{0.710900%} JPM{0.236967%} PG{0.473934%} MRK{15.402844%} KO{22.748815%} CSCO{28.909953%} MCD{15.165877%} VZ{0.947867%} AMGN{8.530806%} IBM{6.398104%} TRV{0.473934%} ,
2,36163.65823,13729.38276,0.379646,10,UNH{0.262467%} PG{0.262467%} MRK{16.797900%} KO{25.196850%} CSCO{27.821522%} MCD{5.774278%} VZ{3.149606%} AMGN{9.448819%} IBM{7.086614%} TRV{4.199475%} ,
3,36348.17991,14083.82659,0.38747,10,UNH{0.257069%} PG{0.257069%} MRK{16.452442%} KO{24.678663%} CSCO{29.305913%} MCD{5.655527%} VZ{3.084833%} AMGN{9.254499%} IBM{6.940874%} TRV{4.113111%} ,
4,36409.54643,14663.88178,0.402748,10,UNH{0.257069%} PG{0.257069%} MRK{16.452442%} KO{24.678663%} CSCO{31.362468%} MCD{5.655527%} VZ{1.028278%} AMGN{9.254499%} IBM{6.940874%} TRV{4.113111%} ,
5,36555.04327,15050.38508,0.411718,7,MRK{16.753927%} KO{25.130890%} CSCO{29.057592%} MCD{9.424084%} VZ{3.141361%} AMGN{9.424084%} IBM{7.068063%} ,
6,36735.26228,15376.557,0.418578,7,MRK{16.410256%} KO{24.615385%} CSCO{30.512821%} MCD{9.230769%} VZ{3.076923%} AMGN{9.230769%} IBM{6.923077%} ,
7,36865.04079,15955.12907,0.432798,7,MRK{16.410256%} KO{24.615385%} CSCO{32.564103%} MCD{9.230769%} VZ{1.025641%} AMGN{9.230769%} IBM{6.923077%} ,
8,37143.93105,15982.57916,0.430288,8,V{0.771208%} MRK{16.709512%} KO{16.452442%} CSCO{32.390746%} MCD{16.452442%} VZ{1.028278%} AMGN{9.254499%} IBM{6.940874%} ,
9,37179.61086,16005.80983,0.4305,7,MRK{16.243655%} KO{24.365482%} CSCO{32.233503%} MCD{8.121827%} VZ{3.045685%} AMGN{9.137056%} IBM{6.852792%} ,
10,37316.44834,16760.59862,0.449148,8,V{0.277778%} MRK{17.777778%} KO{26.666667%} CSCO{30.833333%} MCD{4.722222%} VZ{2.222222%} AMGN{10.000000%} IBM{7.500000%} ,
11,37383.97865,16843.00428,0.450541,7,MRK{17.827298%} KO{26.740947%} CSCO{30.919220%} MCD{4.456825%} VZ{2.506964%} AMGN{10.027855%} IBM{7.520891%} ,
12,37484.24204,17069.8273,0.455387,8,V{0.271739%} MRK{17.391304%} KO{26.086957%} CSCO{32.336957%} MCD{4.619565%} VZ{2.173913%} AMGN{9.782609%} IBM{7.336957%} ,
13,37564.34845,17150.81938,0.456572,7,MRK{17.438692%} KO{26.158038%} CSCO{32.425068%} MCD{4.359673%} VZ{2.452316%} AMGN{9.809264%} IBM{7.356948%} ,
14,37618.19846,17220.06097,0.457759,8,V{0.268817%} MRK{17.204301%} KO{25.806452%} CSCO{33.064516%} MCD{4.569892%} VZ{2.150538%} AMGN{9.677419%} IBM{7.258065%} ,
15,37679.88983,17373.55265,0.461083,10,UNH{0.270270%} V{0.810811%} MRK{17.567568%} KO{17.297297%} CSCO{34.054054%} MCD{8.648649%} VZ{2.162162%} AMGN{9.729730%} IBM{7.297297%} TRV{2.162162%} ,
16,37696.44828,17532.74016,0.465103,10,UNH{0.273224%} V{0.819672%} MRK{17.759563%} KO{17.486339%} CSCO{34.426230%} MCD{8.743169%} VZ{1.092896%} AMGN{9.836066%} IBM{7.377049%} TRV{2.185792%} ,
17,37771.02627,17602.6046,0.466035,9,V{0.284091%} HD{0.568182%} MRK{18.181818%} KO{18.181818%} CSCO{31.250000%} MCD{9.090909%} VZ{3.409091%} AMGN{10.227273%} IBM{8.806818%} ,
18,37864.05149,17900.97608,0.47277,9,V{0.277778%} HD{0.555556%} MRK{17.777778%} KO{17.777778%} CSCO{32.777778%} MCD{8.888889%} VZ{3.333333%} AMGN{10.000000%} IBM{8.611111%} ,
19,37964.32794,18043.51847,0.475276,9,V{0.274725%} HD{0.549451%} MRK{17.582418%} KO{17.582418%} CSCO{33.516484%} MCD{8.791209%} VZ{3.296703%} AMGN{9.890110%} IBM{8.516484%} ,
20,38006.89636,18155.63482,0.477693,8,V{0.840336%} MRK{18.207283%} KO{17.927171%} CSCO{33.053221%} MCD{8.963585%} VZ{3.361345%} AMGN{10.084034%} IBM{7.563025%} ,
21,38033.5731,18335.31508,0.482082,7,MRK{18.130312%} KO{18.130312%} CSCO{33.711048%} MCD{9.065156%} VZ{2.549575%} AMGN{10.198300%} IBM{8.215297%} ,
22,38043.94615,18353.53329,0.48243,9,V{0.274725%} HD{0.549451%} MRK{17.582418%} KO{17.582418%} CSCO{34.615385%} MCD{8.791209%} VZ{2.197802%} AMGN{9.890110%} IBM{8.516484%} ,
23,38093.46496,18527.82429,0.486378,9,V{0.277778%} HD{0.555556%} MRK{17.777778%} KO{17.777778%} CSCO{35.000000%} MCD{8.888889%} VZ{1.111111%} AMGN{10.000000%} IBM{8.611111%} ,
24,38134.65212,18582.02588,0.487274,7,V{0.692841%} MRK{22.401848%} KO{22.170901%} CSCO{28.175520%} VZ{2.771363%} AMGN{10.161663%} IBM{13.625866%} ,
25,38184.60832,18582.75464,0.486656,7,MRK{17.777778%} KO{17.777778%} CSCO{35.000000%} MCD{8.888889%} VZ{2.500000%} AMGN{10.000000%} IBM{8.055556%} ,
26,38193.05766,18610.62846,0.487278,8,V{0.831025%} MRK{18.005540%} KO{17.728532%} CSCO{34.903047%} MCD{8.864266%} VZ{2.216066%} AMGN{9.972299%} IBM{7.479224%} ,
27,38214.58512,18616.83025,0.487166,7,MRK{17.728532%} KO{17.728532%} CSCO{35.180055%} MCD{8.864266%} VZ{2.493075%} AMGN{9.972299%} IBM{8.033241%} ,
28,38217.80868,18661.02901,0.488281,7,MRK{17.777778%} KO{17.777778%} CSCO{35.277778%} MCD{8.888889%} VZ{2.222222%} AMGN{10.000000%} IBM{8.055556%} ,
29,38272.33516,18787.68329,0.490895,8,V{0.840336%} MRK{18.207283%} KO{17.927171%} CSCO{35.294118%} MCD{8.963585%} VZ{1.120448%} AMGN{10.084034%} IBM{7.563025%} ,
30,38334.65927,18979.79066,0.495108,7,MRK{18.658892%} KO{18.658892%} CSCO{32.361516%} MCD{4.664723%} VZ{2.623907%} AMGN{10.495627%} IBM{12.536443%} ,
31,38495.39908,19078.48767,0.495604,9,V{0.270270%} HD{2.162162%} MRK{21.621622%} KO{17.567568%} CSCO{30.000000%} MCD{0.270270%} VZ{2.432432%} AMGN{9.729730%} IBM{15.945946%} ,
32,38518.1137,19168.4785,0.497648,9,V{0.297619%} HD{0.595238%} MRK{19.047619%} KO{19.047619%} CSCO{32.738095%} MCD{4.761905%} VZ{3.571429%} AMGN{10.714286%} IBM{9.226190%} ,
33,38520.32476,19253.98501,0.49984,7,MRK{18.233618%} KO{18.233618%} CSCO{33.903134%} MCD{4.558405%} VZ{2.564103%} AMGN{10.256410%} IBM{12.250712%} ,
34,38652.96704,19444.36939,0.50305,9,V{0.290698%} HD{0.581395%} MRK{18.604651%} KO{18.604651%} CSCO{34.302326%} MCD{4.651163%} VZ{3.488372%} AMGN{10.465116%} IBM{9.011628%} ,
35,38746.75186,19622.58365,0.506432,8,V{0.884956%} HD{0.589971%} MRK{19.174041%} KO{18.879056%} CSCO{31.268437%} VZ{3.539823%} AMGN{10.619469%} IBM{15.044248%} ,
36,38850.94702,19642.87982,0.505596,9,V{0.285714%} HD{0.571429%} MRK{18.285714%} KO{18.285714%} CSCO{35.428571%} MCD{4.571429%} VZ{3.428571%} AMGN{10.285714%} IBM{8.857143%} ,
37,38878.87221,19725.14853,0.507349,8,V{0.879765%} MRK{19.061584%} KO{18.768328%} CSCO{34.604106%} MCD{4.692082%} VZ{3.519062%} AMGN{10.557185%} IBM{7.917889%} ,
38,38911.02195,19823.83459,0.509466,7,MRK{18.497110%} KO{13.872832%} CSCO{36.705202%} MCD{10.404624%} VZ{2.312139%} AMGN{10.404624%} IBM{7.803468%} ,
39,38911.78332,19909.54185,0.511658,8,V{4.776119%} MRK{19.104478%} KO{19.104478%} CSCO{33.134328%} MCD{2.388060%} VZ{2.686567%} AMGN{10.746269%} IBM{8.059701%} ,
40,38921.39112,19986.34451,0.513505,7,V{9.221902%} MRK{19.596542%} KO{18.443804%} CSCO{31.700288%} VZ{2.305476%} AMGN{10.374640%} IBM{8.357349%} ,
41,39029.49814,20009.96244,0.512688,9,V{0.304878%} HD{0.609756%} MRK{19.512195%} KO{19.512195%} CSCO{33.536585%} MCD{2.439024%} VZ{3.658537%} AMGN{10.975610%} IBM{9.451220%} ,
42,39038.6279,20147.13155,0.516082,8,V{5.059524%} HD{0.595238%} MRK{19.047619%} KO{19.047619%} CSCO{32.738095%} VZ{3.571429%} AMGN{10.714286%} IBM{9.226190%} ,
43,39059.0462,20147.89192,0.515832,7,HD{0.297619%} MRK{19.047619%} KO{19.047619%} CSCO{33.035714%} VZ{2.678571%} AMGN{10.714286%} IBM{15.178571%} ,
44,39083.13742,20168.34797,0.516037,8,V{4.664723%} MRK{18.658892%} KO{18.658892%} CSCO{34.693878%} MCD{2.332362%} VZ{2.623907%} AMGN{10.495627%} IBM{7.871720%} ,
45,39113.41591,20181.18703,0.515966,8,V{5.588235%} MRK{19.117647%} KO{18.823529%} CSCO{32.941176%} VZ{3.529412%} AMGN{10.588235%} HON{0.294118%} IBM{9.117647%} ,
46,39117.7707,20233.55885,0.517247,6,MRK{19.104478%} KO{19.104478%} CSCO{33.134328%} VZ{2.686567%} AMGN{10.746269%} IBM{15.223881%} ,
47,39164.39008,20234.38837,0.516653,7,V{9.014085%} MRK{19.154930%} KO{18.028169%} CSCO{33.239437%} VZ{2.253521%} AMGN{10.140845%} IBM{8.169014%} ,
48,39179.87027,20271.15905,0.517387,9,V{0.297619%} HD{0.595238%} MRK{19.047619%} KO{19.047619%} CSCO{35.119048%} MCD{2.380952%} VZ{3.571429%} AMGN{10.714286%} IBM{9.226190%} ,
49,39212.57084,20364.71516,0.519341,7,MRK{19.161677%} KO{19.461078%} CSCO{35.628743%} MCD{2.994012%} VZ{2.694611%} AMGN{10.778443%} IBM{9.281437%} ,
50,39222.3998,20555.06255,0.524064,7,V{4.833837%} MRK{19.335347%} KO{19.335347%} CSCO{33.534743%} VZ{2.719033%} AMGN{10.876133%} IBM{9.365559%} ,
51,39256.8855,20608.71757,0.524971,7,V{4.848485%} MRK{19.393939%} KO{19.393939%} CSCO{33.636364%} VZ{2.424242%} AMGN{10.909091%} IBM{9.393939%} ,
52,39318.63042,20663.60137,0.525542,7,V{4.863222%} MRK{19.452888%} KO{19.452888%} CSCO{33.738602%} VZ{2.431611%} AMGN{10.942249%} IBM{9.118541%} ,
53,39404.33734,20677.30327,0.524747,7,V{5.471125%} MRK{19.452888%} KO{19.452888%} CSCO{33.738602%} VZ{2.735562%} AMGN{10.942249%} IBM{8.206687%} ,
54,39447.19671,20698.64347,0.524718,8,V{1.543210%} HD{0.617284%} MRK{19.753086%} KO{19.753086%} CSCO{33.950617%} VZ{3.703704%} AMGN{11.111111%} IBM{9.567901%} ,
55,39447.92961,20801.34024,0.527311,7,V{4.719764%} MRK{18.879056%} KO{18.879056%} CSCO{35.103245%} VZ{2.654867%} AMGN{10.619469%} IBM{9.144543%} ,
56,39461.75497,20855.35052,0.528495,7,V{4.733728%} MRK{18.934911%} KO{18.934911%} CSCO{35.207101%} VZ{2.366864%} AMGN{10.650888%} IBM{9.171598%} ,
57,39513.19947,20909.04485,0.529166,7,V{4.747774%} MRK{18.991098%} KO{18.991098%} CSCO{35.311573%} VZ{2.373887%} AMGN{10.682493%} IBM{8.902077%} ,
58,39590.59632,20910.80867,0.528176,8,V{4.747774%} MRK{19.287834%} KO{18.991098%} CSCO{35.311573%} MCD{0.296736%} VZ{2.670623%} AMGN{10.682493%} IBM{8.011869%} ,
59,39603.33667,20922.41416,0.528299,7,V{5.341246%} MRK{18.991098%} KO{18.991098%} CSCO{35.311573%} VZ{2.670623%} AMGN{10.682493%} IBM{8.011869%} ,
60,39617.95997,20973.40547,0.529391,7,V{4.678363%} MRK{18.713450%} KO{18.713450%} CSCO{35.964912%} VZ{2.339181%} AMGN{10.526316%} IBM{9.064327%} ,
61,39653.7257,20979.5943,0.52907,7,V{0.934579%} MRK{20.249221%} KO{19.937695%} CSCO{34.267913%} VZ{3.738318%} AMGN{11.214953%} IBM{9.657321%} ,
62,39661.3483,21008.52618,0.529698,7,V{0.934579%} MRK{19.937695%} KO{19.937695%} CSCO{34.579439%} VZ{3.738318%} AMGN{11.214953%} IBM{9.657321%} ,
63,39665.08254,21009.21834,0.529665,6,V{8.938547%} MRK{20.111732%} KO{17.877095%} CSCO{35.474860%} AMGN{10.055866%} IBM{7.541899%} ,
64,39665.23968,21027.53581,0.530125,7,V{4.692082%} MRK{18.768328%} KO{18.768328%} CSCO{36.070381%} VZ{2.346041%} AMGN{10.557185%} IBM{8.797654%} ,
65,39667.8688,21056.14038,0.530811,8,V{4.941860%} HD{0.581395%} MRK{18.604651%} KO{18.604651%} CSCO{36.627907%} VZ{1.162791%} AMGN{10.465116%} IBM{9.011628%} ,
66,39690.65909,21069.98553,0.530855,7,V{4.790419%} MRK{19.161677%} KO{19.161677%} CSCO{35.628743%} VZ{2.395210%} AMGN{10.778443%} IBM{8.083832%} ,
67,39707.59457,21082.77543,0.530951,8,V{5.000000%} WMT{1.176471%} MRK{19.411765%} KO{18.823529%} CSCO{35.882353%} VZ{1.176471%} AMGN{10.588235%} IBM{7.941176%} ,
68,39738.95069,21084.14998,0.530566,7,MRK{19.047619%} KO{9.523810%} CSCO{37.797619%} MCD{10.714286%} VZ{3.571429%} AMGN{10.714286%} IBM{8.630952%} ,
69,39753.42254,21084.97755,0.530394,7,V{4.664723%} MRK{18.658892%} KO{18.658892%} CSCO{36.443149%} VZ{2.332362%} AMGN{10.495627%} IBM{8.746356%} ,
70,39755.73491,21091.07037,0.530516,7,MRK{19.104478%} KO{9.850746%} CSCO{37.910448%} MCD{10.746269%} VZ{3.582090%} AMGN{10.746269%} IBM{8.059701%} ,
71,39762.44585,21194.57108,0.53303,7,MRK{19.161677%} KO{9.580838%} CSCO{38.023952%} MCD{10.778443%} VZ{2.395210%} AMGN{10.778443%} IBM{9.281437%} ,
72,39795.85629,21237.16558,0.533653,7,V{5.637982%} MRK{19.287834%} KO{18.991098%} CSCO{36.201780%} VZ{1.186944%} AMGN{10.682493%} IBM{8.011869%} ,
73,39852.62505,21246.59161,0.533129,8,MRK{19.335347%} KO{9.667674%} CSCO{38.368580%} MCD{10.876133%} VZ{2.416918%} AMGN{10.876133%} IBM{8.157100%} TRV{0.302115%} ,
74,39860.2082,21252.73676,0.533182,7,V{0.911854%} MRK{19.452888%} KO{19.452888%} CSCO{36.170213%} VZ{3.647416%} AMGN{10.942249%} IBM{9.422492%} ,
75,39865.56213,21254.32259,0.53315,7,MRK{20.178042%} KO{9.495549%} CSCO{37.685460%} MCD{10.682493%} VZ{3.560831%} AMGN{10.682493%} IBM{7.715134%} ,
76,39866.35858,21304.07185,0.534387,7,MRK{19.277108%} KO{9.638554%} CSCO{38.253012%} MCD{10.843373%} VZ{3.012048%} AMGN{10.843373%} IBM{8.132530%} ,
77,39870.41032,21311.91022,0.534529,7,MRK{19.335347%} KO{9.969789%} CSCO{38.368580%} MCD{10.876133%} VZ{2.416918%} AMGN{10.876133%} IBM{8.157100%} ,
78,39874.88929,21318.86573,0.534644,8,V{0.602410%} MRK{19.277108%} KO{9.638554%} CSCO{38.253012%} MCD{10.843373%} VZ{2.409639%} AMGN{10.843373%} IBM{8.132530%} ,
79,39888.9784,21326.03022,0.534635,8,HD{0.302115%} MRK{19.335347%} KO{9.667674%} CSCO{38.368580%} MCD{10.876133%} VZ{2.416918%} AMGN{10.876133%} IBM{8.157100%} ,
80,39899.94059,21359.7153,0.535332,7,MRK{19.335347%} KO{9.667674%} CSCO{38.368580%} MCD{10.876133%} VZ{2.719033%} AMGN{10.876133%} IBM{8.157100%} ,
81,39900.20698,21411.59106,0.536629,7,MRK{19.161677%} KO{9.580838%} CSCO{38.023952%} MCD{9.580838%} VZ{3.592814%} AMGN{10.778443%} IBM{9.281437%} ,
82,39936.67804,21426.78606,0.536519,7,MRK{19.277108%} KO{10.240964%} CSCO{38.253012%} MCD{9.638554%} VZ{3.614458%} AMGN{10.843373%} IBM{8.132530%} ,
83,39965.29232,21431.82408,0.536261,8,V{2.678571%} HD{0.595238%} MRK{19.047619%} KO{19.047619%} CSCO{37.500000%} VZ{1.190476%} AMGN{10.714286%} IBM{9.226190%} ,
84,39967.30804,21439.45442,0.536425,8,V{1.197605%} MRK{19.161677%} KO{9.580838%} CSCO{38.023952%} MCD{9.580838%} VZ{3.592814%} AMGN{10.778443%} IBM{8.083832%} ,
85,39972.76954,21466.95954,0.53704,7,V{4.719764%} MRK{18.879056%} KO{18.879056%} CSCO{37.463127%} VZ{0.294985%} AMGN{10.619469%} IBM{9.144543%} ,
86,39983.86657,21469.95391,0.536965,8,V{0.305810%} MRK{19.571865%} KO{9.785933%} CSCO{37.614679%} MCD{9.785933%} VZ{3.669725%} AMGN{11.009174%} IBM{8.256881%} ,
87,39992.72224,21486.45135,0.537259,9,UNH{0.297619%} V{0.297619%} MRK{20.238095%} KO{9.523810%} CSCO{37.797619%} MCD{9.523810%} VZ{3.571429%} AMGN{10.714286%} IBM{8.035714%} ,
88,40003.66435,21530.56582,0.538215,7,MRK{19.335347%} KO{9.969789%} CSCO{38.368580%} MCD{9.667674%} VZ{3.625378%} AMGN{10.876133%} IBM{8.157100%} ,
89,40016.16559,21536.973,0.538207,8,V{0.602410%} MRK{19.277108%} KO{9.638554%} CSCO{38.253012%} MCD{9.638554%} VZ{3.614458%} AMGN{10.843373%} IBM{8.132530%} ,
90,40024.26238,21557.10332,0.538601,8,V{0.303030%} MRK{19.393939%} KO{9.696970%} CSCO{38.181818%} MCD{9.696970%} VZ{3.636364%} AMGN{10.909091%} IBM{8.181818%} ,
91,40025.95719,21579.5928,0.53914,7,MRK{19.692308%} KO{9.846154%} CSCO{37.846154%} MCD{9.846154%} VZ{2.769231%} AMGN{11.076923%} IBM{8.923077%} ,
92,40035.2873,21635.75692,0.540417,7,MRK{19.571865%} KO{9.785933%} CSCO{38.226300%} MCD{9.785933%} VZ{2.752294%} AMGN{11.009174%} IBM{8.868502%} ,
93,40045.1042,21665.39733,0.541025,7,MRK{19.512195%} KO{9.756098%} CSCO{38.414634%} MCD{9.756098%} VZ{2.743902%} AMGN{10.975610%} IBM{8.841463%} ,
94,40057.78888,21694.33144,0.541576,7,MRK{19.452888%} KO{9.726444%} CSCO{38.601824%} MCD{9.726444%} VZ{2.735562%} AMGN{10.942249%} IBM{8.814590%} ,
95,40091.29214,21702.42056,0.541325,7,MRK{19.512195%} KO{10.060976%} CSCO{38.719512%} MCD{9.756098%} VZ{2.743902%} AMGN{10.975610%} IBM{8.231707%} ,
96,40099.05776,21751.40451,0.542442,7,MRK{19.512195%} KO{9.756098%} CSCO{38.719512%} MCD{9.756098%} VZ{2.439024%} AMGN{10.975610%} IBM{8.841463%} ,
97,40120.93155,21881.66987,0.545393,8,MSFT{0.261780%} V{0.785340%} MRK{25.392670%} KO{12.565445%} CSCO{31.937173%} VZ{3.141361%} AMGN{10.471204%} IBM{15.445026%} ,
98,40240.41928,21891.7143,0.544023,7,MRK{19.631902%} KO{14.723926%} CSCO{38.650307%} MCD{4.907975%} VZ{2.760736%} AMGN{11.042945%} IBM{8.282209%} ,
99,40258.46877,21926.34919,0.544639,8,V{0.305810%} MRK{19.571865%} KO{14.678899%} CSCO{38.837920%} MCD{4.892966%} VZ{2.446483%} AMGN{11.009174%} IBM{8.256881%} ,
100,40263.39125,21933.51301,0.544751,9,JNJ{1.084011%} V{0.813008%} MRK{26.287263%} KO{8.672087%} CSCO{32.520325%} MCD{2.168022%} VZ{3.252033%} AMGN{9.756098%} IBM{15.447154%} ,
101,40307.52709,21978.31847,0.545266,7,MRK{19.631902%} KO{14.723926%} CSCO{38.957055%} MCD{4.907975%} VZ{2.453988%} AMGN{11.042945%} IBM{8.282209%} ,
102,40324.41328,22117.93481,0.5485,9,V{0.295858%} HD{2.366864%} MRK{23.668639%} KO{9.763314%} CSCO{32.840237%} MCD{0.295858%} VZ{2.662722%} AMGN{10.650888%} IBM{17.455621%} ,
103,40370.26726,22152.02542,0.548721,8,V{0.826446%} MRK{26.721763%} KO{9.917355%} CSCO{33.057851%} MCD{2.203857%} VZ{3.305785%} AMGN{9.917355%} IBM{14.049587%} ,
104,40380.90401,22203.69376,0.549856,9,UNH{0.311526%} PG{0.311526%} MRK{19.937695%} KO{9.968847%} CSCO{38.006231%} MCD{6.853583%} VZ{3.738318%} AMGN{11.214953%} IBM{9.657321%} ,
105,40455.0967,22246.45933,0.549905,9,JNJ{1.101928%} V{0.826446%} MRK{26.721763%} KO{8.815427%} CSCO{33.057851%} MCD{2.203857%} VZ{3.305785%} AMGN{9.917355%} IBM{14.049587%} ,
106,40462.91492,22323.36295,0.551699,9,V{0.289017%} HD{2.312139%} MRK{23.121387%} KO{9.537572%} CSCO{34.393064%} MCD{0.289017%} VZ{2.601156%} AMGN{10.404624%} IBM{17.052023%} ,
107,40492.44027,22347.50386,0.551893,8,V{0.831025%} MRK{26.869806%} KO{9.418283%} CSCO{33.240997%} MCD{2.216066%} VZ{3.324100%} AMGN{9.972299%} IBM{14.127424%} ,
108,40499.37386,22491.3108,0.55535,7,MRK{20.062696%} KO{10.031348%} CSCO{37.304075%} MCD{5.015674%} VZ{2.821317%} AMGN{11.285266%} IBM{13.479624%} ,
109,40553.5498,22494.39948,0.554684,8,V{0.817439%} MRK{26.430518%} KO{8.719346%} CSCO{32.697548%} MCD{2.179837%} VZ{3.269755%} AMGN{10.354223%} IBM{15.531335%} ,
110,40571.66165,22597.38445,0.556975,7,MRK{19.814241%} KO{9.907121%} CSCO{38.080495%} MCD{4.953560%} VZ{2.786378%} AMGN{11.145511%} IBM{13.312693%} ,
111,40613.1736,22627.34563,0.557143,8,MSFT{0.267380%} V{0.802139%} MRK{25.935829%} KO{10.695187%} CSCO{32.620321%} VZ{3.208556%} AMGN{10.695187%} IBM{15.775401%} ,
112,40623.6095,22649.80253,0.557553,7,MRK{19.692308%} KO{9.846154%} CSCO{38.461538%} MCD{4.923077%} VZ{2.769231%} AMGN{11.076923%} IBM{13.230769%} ,
113,40652.55663,22674.79457,0.55777,7,MRK{19.631902%} KO{9.815951%} CSCO{38.650307%} MCD{4.907975%} VZ{2.760736%} AMGN{11.042945%} IBM{13.190184%} ,
114,40665.25587,22681.98123,0.557773,8,V{0.833333%} MRK{26.944444%} KO{8.888889%} CSCO{33.333333%} MCD{2.222222%} VZ{3.333333%} AMGN{10.277778%} IBM{14.166667%} ,
115,40683.71146,22699.61394,0.557953,7,MRK{19.571865%} KO{9.785933%} CSCO{38.837920%} MCD{4.892966%} VZ{2.752294%} AMGN{11.009174%} IBM{13.149847%} ,
116,40702.29178,22761.00081,0.559207,7,MRK{19.631902%} KO{9.815951%} CSCO{38.957055%} MCD{4.907975%} VZ{2.760736%} AMGN{11.042945%} IBM{12.883436%} ,
117,40716.65435,22761.39874,0.559019,7,MRK{19.631902%} KO{9.815951%} CSCO{38.957055%} MCD{4.907975%} VZ{2.453988%} AMGN{11.042945%} IBM{13.190184%} ,
118,40724.66214,22822.66285,0.560414,7,MRK{19.692308%} KO{9.846154%} CSCO{39.076923%} MCD{4.923077%} VZ{2.769231%} AMGN{11.076923%} IBM{12.615385%} ,
119,40797.01344,22972.55231,0.563094,9,V{0.289017%} HD{2.312139%} MRK{23.121387%} KO{9.537572%} CSCO{36.705202%} MCD{0.289017%} VZ{2.601156%} AMGN{10.404624%} IBM{14.739884%} ,
120,40877.08805,23012.8226,0.562976,8,MSFT{0.270270%} V{0.810811%} MRK{26.216216%} KO{9.729730%} CSCO{32.972973%} VZ{3.243243%} AMGN{10.810811%} IBM{15.945946%} ,
121,40893.69842,23018.48438,0.562886,8,MSFT{0.267380%} V{2.941176%} MRK{25.935829%} KO{8.556150%} CSCO{32.620321%} VZ{3.208556%} AMGN{10.695187%} IBM{15.775401%} ,
122,40907.19913,23025.53342,0.562872,8,V{0.977199%} HD{0.651466%} MRK{21.172638%} KO{10.423453%} CSCO{34.527687%} VZ{3.908795%} AMGN{11.726384%} IBM{16.612378%} ,
123,40923.18078,23062.53791,0.563557,9,MSFT{0.270270%} V{0.810811%} HD{1.081081%} MRK{26.216216%} KO{8.648649%} CSCO{32.972973%} VZ{3.243243%} AMGN{10.810811%} IBM{15.945946%} ,
124,40934.94758,23086.94096,0.563991,7,V{0.833333%} MRK{26.944444%} KO{8.888889%} CSCO{33.333333%} VZ{3.333333%} AMGN{10.277778%} IBM{16.388889%} ,
125,40941.45474,23195.36631,0.56655,7,MRK{20.062696%} KO{10.031348%} CSCO{39.811912%} MCD{5.015674%} VZ{2.821317%} AMGN{11.285266%} IBM{10.971787%} ,
126,40979.63815,23223.0604,0.566698,7,V{0.831025%} MRK{26.869806%} KO{8.864266%} CSCO{33.240997%} VZ{3.324100%} AMGN{10.526316%} IBM{16.343490%} ,
127,41011.33526,23228.85833,0.566401,8,V{0.952381%} HD{0.634921%} MRK{20.634921%} KO{10.158730%} CSCO{36.190476%} VZ{3.809524%} AMGN{11.428571%} IBM{16.190476%} ,
128,41028.28931,23273.13779,0.567246,9,UNH{0.304878%} V{0.304878%} MRK{20.731707%} KO{9.756098%} CSCO{38.719512%} MCD{2.439024%} VZ{3.658537%} AMGN{10.975610%} IBM{13.109756%} ,
129,41052.27015,23294.41087,0.567433,8,MSFT{0.271739%} V{0.815217%} MRK{26.358696%} KO{8.695652%} CSCO{33.152174%} VZ{3.804348%} AMGN{10.869565%} IBM{16.032609%} ,
130,41078.02418,23313.78499,0.567549,8,V{0.317460%} MRK{20.317460%} KO{10.158730%} CSCO{40.000000%} MCD{5.396825%} VZ{2.539683%} AMGN{11.428571%} IBM{9.841270%} ,
131,41081.68299,23446.96325,0.57074,9,V{0.295858%} HD{2.366864%} MRK{23.668639%} KO{9.763314%} CSCO{37.573964%} MCD{0.295858%} VZ{2.662722%} AMGN{10.650888%} IBM{12.721893%} ,
132,41154.6124,23476.13473,0.570438,7,V{0.920245%} MRK{21.779141%} KO{9.815951%} CSCO{36.809816%} VZ{3.987730%} AMGN{11.042945%} IBM{15.644172%} ,
133,41167.89515,23488.85229,0.570562,8,MSFT{0.270270%} V{0.810811%} MRK{26.216216%} KO{8.648649%} CSCO{34.054054%} VZ{3.243243%} AMGN{10.810811%} IBM{15.945946%} ,
134,41233.03105,23519.53834,0.570405,7,MRK{20.382166%} KO{10.191083%} CSCO{40.445860%} MCD{5.095541%} VZ{2.547771%} AMGN{11.464968%} IBM{9.872611%} ,
135,41235.30339,23566.75422,0.571519,7,V{3.437500%} MRK{20.312500%} KO{10.000000%} CSCO{37.500000%} VZ{4.062500%} AMGN{11.250000%} IBM{13.437500%} ,
136,41314.26747,23583.23003,0.570825,8,V{5.144695%} MRK{20.578778%} KO{10.289389%} CSCO{38.263666%} MCD{2.572347%} VZ{2.893891%} AMGN{11.575563%} IBM{8.681672%} ,
137,41316.68787,23678.43441,0.573096,9,JNJ{0.313480%} V{2.194357%} WMT{0.626959%} MRK{20.062696%} KO{10.031348%} CSCO{38.244514%} VZ{3.761755%} AMGN{11.285266%} IBM{13.479624%} ,
138,41356.90518,23865.32428,0.577058,7,V{2.222222%} MRK{20.634921%} KO{10.158730%} CSCO{38.095238%} VZ{3.809524%} AMGN{11.428571%} IBM{13.650794%} ,
139,41368.51472,23993.81181,0.580002,7,V{0.943396%} MRK{22.327044%} KO{10.062893%} CSCO{37.735849%} VZ{4.088050%} AMGN{11.320755%} IBM{13.522013%} ,
140,41594.78264,24000.96251,0.577019,9,UNH{0.318471%} V{0.318471%} MRK{21.656051%} KO{10.191083%} CSCO{39.808917%} MCD{2.547771%} VZ{3.821656%} AMGN{11.464968%} IBM{9.872611%} ,
141,41612.78864,24036.54138,0.577624,9,V{0.303030%} HD{2.424242%} MRK{24.242424%} KO{5.151515%} CSCO{36.060606%} MCD{0.303030%} VZ{2.727273%} AMGN{10.909091%} IBM{17.878788%} ,
142,41620.88088,24040.88713,0.577616,7,MRK{20.779221%} KO{10.714286%} CSCO{40.584416%} MCD{3.246753%} VZ{2.922078%} AMGN{11.688312%} IBM{10.064935%} ,
143,41624.85331,24086.89693,0.578666,8,V{6.089744%} MRK{20.833333%} KO{10.256410%} CSCO{38.461538%} VZ{2.564103%} AMGN{11.538462%} HON{0.320513%} IBM{9.935897%} ,
144,41691.0537,24105.04576,0.578183,8,UNH{0.317460%} MRK{21.587302%} KO{10.158730%} CSCO{40.317460%} MCD{2.539683%} VZ{3.809524%} AMGN{11.428571%} IBM{9.841270%} ,
145,41693.88349,24193.75921,0.580271,7,V{3.666667%} MRK{21.666667%} KO{10.666667%} CSCO{37.333333%} VZ{4.333333%} AMGN{12.000000%} IBM{10.333333%} ,
146,41709.01548,24284.15007,0.582228,6,MRK{25.149701%} KO{9.580838%} CSCO{38.023952%} VZ{3.592814%} AMGN{10.778443%} IBM{12.874251%} ,
147,41745.97211,24327.20959,0.582744,7,V{5.211726%} MRK{20.846906%} KO{10.423453%} CSCO{38.762215%} VZ{2.931596%} AMGN{11.726384%} IBM{10.097720%} ,
148,41763.392,24399.68633,0.584236,7,UNH{0.304878%} MRK{24.390244%} KO{9.756098%} CSCO{38.719512%} VZ{2.743902%} AMGN{10.975610%} IBM{13.109756%} ,
149,41829.64853,24404.86207,0.583435,7,V{0.711744%} MRK{22.775801%} KO{11.387900%} CSCO{39.501779%} VZ{3.202847%} AMGN{11.387900%} IBM{11.032028%} ,
150,41832.55071,24413.06754,0.58359,7,V{5.144695%} MRK{20.578778%} KO{10.289389%} CSCO{39.549839%} VZ{2.893891%} AMGN{11.575563%} IBM{9.967846%} ,
151,41845.30267,24440.70542,0.584073,7,V{3.583062%} MRK{21.172638%} KO{10.423453%} CSCO{39.087948%} VZ{3.908795%} AMGN{11.726384%} IBM{10.097720%} ,
152,41852.69508,24488.83723,0.58512,8,V{0.977199%} HD{0.651466%} MRK{21.172638%} KO{10.423453%} CSCO{39.739414%} VZ{3.908795%} AMGN{11.726384%} IBM{11.400651%} ,
153,41902.61471,24496.10753,0.584596,7,V{2.941176%} MRK{21.241830%} KO{10.457516%} CSCO{39.215686%} VZ{4.248366%} AMGN{11.764706%} IBM{10.130719%} ,
154,41906.68445,24497.17826,0.584565,7,MRK{20.711974%} KO{5.177994%} CSCO{40.453074%} MCD{5.177994%} VZ{2.912621%} AMGN{11.650485%} IBM{13.915858%} ,
155,41923.30482,24516.42994,0.584792,7,MRK{20.645161%} KO{5.161290%} CSCO{40.645161%} MCD{5.161290%} VZ{2.903226%} AMGN{11.612903%} IBM{13.870968%} ,
156,41933.02754,24524.6177,0.584852,7,V{5.128205%} MRK{20.512821%} KO{10.256410%} CSCO{40.064103%} VZ{2.564103%} AMGN{11.538462%} IBM{9.935897%} ,
157,41943.57811,24537.5446,0.585013,7,MRK{20.578778%} KO{5.144695%} CSCO{40.836013%} MCD{5.144695%} VZ{2.893891%} AMGN{11.575563%} IBM{13.826367%} ,
158,41948.78589,24717.11287,0.589221,9,V{0.303030%} HD{2.424242%} MRK{24.242424%} KO{5.151515%} CSCO{38.484848%} MCD{0.303030%} VZ{2.727273%} AMGN{10.909091%} IBM{15.454545%} ,
159,42088.4655,24749.11114,0.588026,6,MRK{26.415094%} KO{5.031447%} CSCO{34.905660%} VZ{3.773585%} AMGN{11.320755%} IBM{18.553459%} ,
160,42108.22074,24758.66704,0.587977,7,V{1.986755%} MRK{21.523179%} KO{10.596026%} CSCO{39.735099%} VZ{3.973510%} AMGN{11.920530%} IBM{10.264901%} ,
161,42140.64163,24766.36945,0.587707,7,V{2.317881%} MRK{21.523179%} KO{10.596026%} CSCO{39.735099%} VZ{3.973510%} AMGN{11.920530%} IBM{9.933775%} ,
162,42161.19132,24902.2616,0.590644,6,MRK{25.766871%} KO{4.907975%} CSCO{36.503067%} VZ{3.680982%} AMGN{11.042945%} IBM{18.098160%} ,
163,42255.41576,24975.53959,0.591061,6,MRK{25.454545%} KO{4.848485%} CSCO{37.272727%} VZ{3.636364%} AMGN{10.909091%} IBM{17.878788%} ,
164,42307.88996,25108.29794,0.593466,7,MRK{21.122112%} KO{5.280528%} CSCO{41.914191%} MCD{5.280528%} VZ{2.970297%} AMGN{11.881188%} IBM{11.551155%} ,
165,42328.28651,25258.95143,0.596739,9,V{0.310559%} HD{2.484472%} MRK{24.844720%} KO{5.279503%} CSCO{39.440994%} MCD{0.310559%} VZ{2.795031%} AMGN{11.180124%} IBM{13.354037%} ,
166,42485.1409,25271.26023,0.594826,8,V{0.664452%} MRK{21.262458%} KO{5.315615%} CSCO{42.192691%} MCD{5.315615%} VZ{2.990033%} AMGN{11.960133%} IBM{10.299003%} ,
167,42499.03514,25282.96903,0.594907,8,V{0.983607%} HD{0.655738%} MRK{21.311475%} KO{5.245902%} CSCO{39.344262%} VZ{3.934426%} AMGN{11.803279%} IBM{16.721311%} ,
168,42514.49552,25314.71055,0.595437,7,UNH{0.306748%} MRK{24.539877%} KO{4.907975%} CSCO{38.957055%} VZ{2.760736%} AMGN{11.042945%} IBM{17.484663%} ,
169,42544.28487,25317.48819,0.595086,6,MRK{25.454545%} KO{4.848485%} CSCO{38.484848%} VZ{2.424242%} AMGN{10.909091%} IBM{17.878788%} ,
170,42558.86786,25320.4089,0.59495,8,V{0.977199%} HD{0.651466%} MRK{21.172638%} KO{5.211726%} CSCO{39.739414%} VZ{3.908795%} AMGN{11.726384%} IBM{16.612378%} ,
171,42564.69834,25345.796,0.595465,8,V{0.666667%} MRK{21.333333%} KO{5.333333%} CSCO{42.333333%} MCD{5.333333%} VZ{2.666667%} AMGN{12.000000%} IBM{10.333333%} ,
172,42566.16733,25591.25824,0.601211,6,MRK{25.766871%} KO{4.907975%} CSCO{38.957055%} VZ{3.680982%} AMGN{11.042945%} IBM{15.644172%} ,
173,42614.81067,25655.47892,0.602032,9,V{0.310559%} HD{2.484472%} MRK{24.844720%} KO{2.795031%} CSCO{39.440994%} MCD{0.310559%} VZ{2.795031%} AMGN{11.180124%} IBM{15.838509%} ,
174,42681.84495,25734.0901,0.602928,7,UNH{0.312500%} MRK{25.000000%} KO{5.000000%} CSCO{39.687500%} VZ{2.812500%} AMGN{11.250000%} IBM{15.937500%} ,
175,42846.80383,25857.00181,0.603476,6,MRK{26.415094%} KO{2.515723%} CSCO{37.421384%} VZ{3.773585%} AMGN{11.320755%} IBM{18.553459%} ,
176,42918.172,25920.15791,0.603944,6,MRK{26.086957%} KO{2.484472%} CSCO{38.198758%} VZ{3.726708%} AMGN{11.180124%} IBM{18.322981%} ,
177,42941.56155,26047.62859,0.606583,6,MRK{26.415094%} CSCO{39.937107%} MCD{5.031447%} VZ{3.773585%} AMGN{11.320755%} IBM{13.522013%} ,
178,42973.81313,26142.54563,0.608337,9,V{0.314465%} HD{2.515723%} MRK{25.157233%} KO{1.572327%} CSCO{39.937107%} MCD{0.314465%} VZ{2.830189%} AMGN{11.320755%} IBM{16.037736%} ,
179,42998.30733,26161.86404,0.608439,6,MRK{26.415094%} KO{5.031447%} CSCO{39.937107%} VZ{3.773585%} AMGN{11.320755%} IBM{13.522013%} ,
180,43044.39794,26176.77481,0.608134,9,V{0.318471%} HD{2.547771%} MRK{25.477707%} KO{0.318471%} CSCO{40.445860%} MCD{2.866242%} VZ{2.866242%} AMGN{11.464968%} IBM{13.694268%} ,
181,43049.56822,26234.56737,0.609404,9,V{0.318471%} HD{2.547771%} MRK{25.477707%} KO{2.866242%} CSCO{40.445860%} MCD{0.318471%} VZ{2.866242%} AMGN{11.464968%} IBM{13.694268%} ,
182,43135.37183,26317.89888,0.610123,7,UNH{0.320513%} MRK{25.641026%} KO{5.128205%} CSCO{40.705128%} VZ{2.884615%} AMGN{11.538462%} IBM{13.782051%} ,
183,43157.31513,26389.10614,0.611463,9,V{0.316456%} HD{2.531646%} MRK{25.316456%} KO{0.949367%} CSCO{40.189873%} MCD{0.316456%} VZ{2.848101%} AMGN{11.392405%} IBM{16.139241%} ,
184,43198.70555,26418.24472,0.611552,9,V{0.316456%} HD{3.164557%} MRK{25.316456%} KO{0.316456%} CSCO{40.189873%} MCD{0.316456%} VZ{2.848101%} AMGN{11.392405%} IBM{16.139241%} ,
185,43220.97129,26443.32858,0.611817,10,JNJ{0.632911%} V{0.316456%} HD{2.531646%} MRK{25.316456%} KO{0.316456%} CSCO{40.189873%} MCD{0.316456%} VZ{2.848101%} AMGN{11.392405%} IBM{16.139241%} ,
186,43245.68833,26446.20724,0.611534,10,V{0.317460%} HD{2.539683%} MRK{25.396825%} KO{0.317460%} CSCO{40.317460%} MCD{0.317460%} VZ{2.857143%} AMGN{11.428571%} IBM{16.190476%} TRV{0.317460%} ,
187,43248.36464,26489.21294,0.612491,9,V{0.316456%} HD{2.531646%} MRK{25.316456%} KO{0.316456%} CSCO{40.189873%} MCD{0.316456%} VZ{3.481013%} AMGN{11.392405%} IBM{16.139241%} ,
188,43254.19459,26563.29661,0.614121,6,MRK{26.415094%} KO{2.515723%} CSCO{39.937107%} VZ{3.773585%} AMGN{11.320755%} IBM{16.037736%} ,
189,43300.90358,26579.81137,0.61384,9,V{0.314465%} HD{2.515723%} MRK{26.415094%} KO{0.314465%} CSCO{39.937107%} MCD{0.314465%} VZ{2.830189%} AMGN{11.320755%} IBM{16.037736%} ,
190,43319.80825,26609.02266,0.614246,9,V{0.316456%} HD{2.531646%} MRK{25.949367%} KO{0.316456%} CSCO{40.189873%} MCD{0.316456%} VZ{2.848101%} AMGN{11.392405%} IBM{16.139241%} ,
191,43333.53098,26625.13062,0.614423,9,V{0.317460%} HD{2.539683%} MRK{25.714286%} KO{0.317460%} CSCO{40.317460%} MCD{0.317460%} VZ{2.857143%} AMGN{11.428571%} IBM{16.190476%} ,
192,43348.50282,26641.10795,0.61458,9,V{0.318471%} HD{2.547771%} MRK{25.477707%} KO{0.318471%} CSCO{40.445860%} MCD{0.318471%} VZ{2.866242%} AMGN{11.464968%} IBM{16.242038%} ,
193,43382.44881,26678.76092,0.614967,6,HD{2.515723%} MRK{26.415094%} CSCO{39.937107%} VZ{3.773585%} AMGN{11.320755%} IBM{16.037736%} ,
194,43414.26687,26727.03553,0.615628,7,UNH{0.320513%} MRK{25.641026%} KO{2.564103%} CSCO{40.705128%} VZ{2.884615%} AMGN{11.538462%} IBM{16.346154%} ,
195,43436.04521,26740.22565,0.615623,9,V{0.322581%} HD{2.580645%} MRK{25.806452%} KO{1.612903%} CSCO{40.967742%} MCD{0.322581%} VZ{2.903226%} AMGN{11.612903%} IBM{13.870968%} ,
196,43452.80772,26786.2322,0.616444,9,V{0.317460%} HD{2.539683%} MRK{25.396825%} KO{0.317460%} CSCO{40.317460%} MCD{0.317460%} VZ{2.857143%} AMGN{11.746032%} IBM{16.190476%} ,
197,43515.59819,26844.65207,0.616897,7,UNH{0.320513%} HD{2.564103%} MRK{25.641026%} CSCO{40.705128%} VZ{2.884615%} AMGN{11.538462%} IBM{16.346154%} ,
198,43559.47073,26946.1112,0.618605,9,V{0.322581%} HD{2.580645%} MRK{25.806452%} KO{0.322581%} CSCO{40.967742%} MCD{0.322581%} VZ{2.903226%} AMGN{11.612903%} IBM{15.161290%} ,
199,43612.55147,26976.16321,0.618541,9,V{1.612903%} HD{2.580645%} MRK{25.806452%} KO{0.322581%} CSCO{40.967742%} MCD{0.322581%} VZ{2.903226%} AMGN{11.612903%} IBM{13.870968%} ,
200,43618.469,27038.41787,0.619885,6,MRK{26.751592%} CSCO{40.445860%} MCD{1.273885%} VZ{3.821656%} AMGN{11.464968%} IBM{16.242038%} ,
201,43622.82222,27067.13174,0.620481,6,MRK{26.751592%} KO{1.273885%} CSCO{40.445860%} VZ{3.821656%} AMGN{11.464968%} IBM{16.242038%} ,
202,43642.05618,27106.48405,0.621109,7,V{0.983607%} HD{0.655738%} MRK{26.557377%} CSCO{39.344262%} VZ{3.934426%} AMGN{11.803279%} IBM{16.721311%} ,
203,43658.14632,27132.17615,0.621469,7,V{0.977199%} HD{0.651466%} MRK{26.384365%} CSCO{39.739414%} VZ{3.908795%} AMGN{11.726384%} IBM{16.612378%} ,
204,43673.44677,27150.55814,0.621672,7,V{0.980392%} HD{0.653595%} MRK{26.143791%} CSCO{39.869281%} VZ{3.921569%} AMGN{11.764706%} IBM{16.666667%} ,
205,43707.1592,27212.14642,0.622602,7,V{0.980392%} HD{0.653595%} MRK{26.470588%} CSCO{39.869281%} VZ{3.921569%} AMGN{11.764706%} IBM{16.339869%} ,
206,43757.07401,27275.21523,0.623333,7,V{0.327869%} HD{0.655738%} MRK{26.557377%} CSCO{40.000000%} VZ{3.934426%} AMGN{11.803279%} IBM{16.721311%} ,
207,43759.61877,27290.53585,0.623647,7,V{0.983607%} HD{0.655738%} MRK{26.557377%} CSCO{40.000000%} VZ{3.934426%} AMGN{11.803279%} IBM{16.065574%} ,
208,43810.01635,27308.49417,0.623339,6,MRK{26.923077%} CSCO{40.705128%} MCD{0.641026%} VZ{3.846154%} AMGN{11.538462%} IBM{16.346154%} ,
209,43813.44103,27323.03636,0.623622,6,MRK{26.923077%} KO{0.641026%} CSCO{40.705128%} VZ{3.846154%} AMGN{11.538462%} IBM{16.346154%} ,
210,43824.83648,27364.98861,0.624417,6,V{0.983607%} MRK{26.557377%} CSCO{40.000000%} VZ{3.934426%} AMGN{11.803279%} IBM{16.721311%} ,
211,43861.06326,27377.92821,0.624197,6,JNJ{0.641026%} MRK{26.923077%} CSCO{40.705128%} VZ{3.846154%} AMGN{11.538462%} IBM{16.346154%} ,
212,43897.45039,27424.41374,0.624738,5,MRK{26.923077%} CSCO{40.705128%} VZ{4.487179%} AMGN{11.538462%} IBM{16.346154%} ,
213,43907.94406,27440.14942,0.624947,6,V{0.641026%} MRK{26.923077%} CSCO{40.705128%} VZ{3.846154%} AMGN{11.538462%} IBM{16.346154%} ,
214,43909.32011,27445.89383,0.625059,6,MRK{27.009646%} CSCO{40.836013%} MCD{0.321543%} VZ{3.858521%} AMGN{11.575563%} IBM{16.398714%} ,
215,43911.48476,27453.04427,0.625191,6,MRK{27.009646%} KO{0.321543%} CSCO{40.836013%} VZ{3.858521%} AMGN{11.575563%} IBM{16.398714%} ,
216,43923.39323,27467.9769,0.625361,6,HD{0.321543%} MRK{27.009646%} CSCO{40.836013%} VZ{3.858521%} AMGN{11.575563%} IBM{16.398714%} ,
217,43929.78189,27480.57322,0.625557,6,JNJ{0.321543%} MRK{27.009646%} CSCO{40.836013%} VZ{3.858521%} AMGN{11.575563%} IBM{16.398714%} ,
218,43949.95627,27503.87704,0.6258,5,MRK{27.009646%} CSCO{40.836013%} VZ{4.180064%} AMGN{11.575563%} IBM{16.398714%} ,
219,43958.44158,27511.78456,0.625859,6,V{0.321543%} MRK{27.009646%} CSCO{40.836013%} VZ{3.858521%} AMGN{11.575563%} IBM{16.398714%} ,
220,43988.80124,27545.8295,0.626201,5,MRK{27.564103%} CSCO{40.705128%} VZ{3.846154%} AMGN{11.538462%} IBM{16.346154%} ,
221,43998.76678,27564.67593,0.626487,5,MRK{27.331190%} CSCO{40.836013%} VZ{3.858521%} AMGN{11.575563%} IBM{16.398714%} ,
222,44009.65407,27583.22792,0.626754,5,MRK{27.096774%} CSCO{40.967742%} VZ{3.870968%} AMGN{11.612903%} IBM{16.451613%} ,
223,44057.59682,27610.88716,0.6267,6,UNH{0.326797%} MRK{26.143791%} CSCO{41.503268%} VZ{3.594771%} AMGN{11.764706%} IBM{16.666667%} ,
224,44072.60209,27643.28988,0.627222,6,V{2.580645%} MRK{27.096774%} CSCO{40.967742%} VZ{3.870968%} AMGN{11.612903%} IBM{13.870968%} ,
225,44092.85057,27728.21957,0.62886,5,MRK{27.009646%} CSCO{40.836013%} VZ{3.858521%} AMGN{11.897106%} IBM{16.398714%} ,
226,44176.79426,27743.79553,0.628017,6,HD{0.333333%} MRK{26.666667%} CSCO{41.000000%} VZ{3.000000%} AMGN{12.000000%} IBM{17.000000%} ,
227,44184.05211,27765.88687,0.628414,6,HD{0.331126%} MRK{26.490066%} CSCO{41.390728%} VZ{2.980132%} AMGN{11.920530%} IBM{16.887417%} ,
228,44191.87035,27776.5361,0.628544,6,HD{0.330033%} MRK{26.402640%} CSCO{41.584158%} VZ{2.970297%} AMGN{11.881188%} IBM{16.831683%} ,
229,44201.67287,27786.68604,0.628634,6,HD{0.328947%} MRK{26.315789%} CSCO{41.776316%} VZ{2.960526%} AMGN{11.842105%} IBM{16.776316%} ,
230,44222.36626,27871.4669,0.630257,5,MRK{26.923077%} CSCO{40.705128%} VZ{3.846154%} AMGN{12.179487%} IBM{16.346154%} ,
231,44250.23134,27906.60196,0.630654,5,MRK{27.450980%} CSCO{41.503268%} VZ{3.921569%} AMGN{11.764706%} IBM{15.359477%} ,
232,44302.11791,27937.03279,0.630603,6,V{1.307190%} MRK{27.450980%} CSCO{41.503268%} VZ{3.921569%} AMGN{11.764706%} IBM{14.052288%} ,
233,44317.0695,27951.8934,0.630725,6,HD{0.331126%} MRK{26.490066%} CSCO{42.052980%} VZ{2.980132%} AMGN{11.920530%} IBM{16.225166%} ,
234,44349.49386,27965.28319,0.630566,6,MRK{27.631579%} KO{0.657895%} CSCO{41.776316%} VZ{3.947368%} AMGN{11.842105%} IBM{14.144737%} ,
235,44355.37808,27989.34397,0.631025,5,MRK{26.490066%} CSCO{42.052980%} VZ{2.980132%} AMGN{11.920530%} IBM{16.556291%} ,
236,44380.8748,27995.47847,0.630801,6,HD{0.657895%} MRK{27.631579%} CSCO{41.776316%} VZ{3.947368%} AMGN{11.842105%} IBM{14.144737%} ,
237,44412.03915,28069.39073,0.632022,5,MRK{27.631579%} CSCO{41.776316%} VZ{4.605263%} AMGN{11.842105%} IBM{14.144737%} ,
238,44415.64347,28072.50534,0.632041,5,MRK{26.578073%} CSCO{42.192691%} VZ{2.990033%} AMGN{11.960133%} IBM{16.279070%} ,
239,44427.24303,28085.53201,0.632169,6,V{0.657895%} MRK{27.631579%} CSCO{41.776316%} VZ{3.947368%} AMGN{11.842105%} IBM{14.144737%} ,
240,44429.98876,28102.51618,0.632512,6,UNH{0.333333%} MRK{26.666667%} CSCO{42.333333%} VZ{4.333333%} AMGN{12.000000%} IBM{14.333333%} ,
241,44470.41004,28116.03991,0.632242,6,HD{0.330033%} MRK{27.722772%} CSCO{41.914191%} VZ{3.960396%} AMGN{11.881188%} IBM{14.191419%} ,
242,44483.07079,28153.03352,0.632893,5,MRK{27.722772%} CSCO{41.914191%} VZ{4.290429%} AMGN{11.881188%} IBM{14.191419%} ,
243,44493.64927,28161.06667,0.632923,6,V{0.330033%} MRK{27.722772%} CSCO{41.914191%} VZ{3.960396%} AMGN{11.881188%} IBM{14.191419%} ,
244,44558.0837,28193.99044,0.632747,5,MRK{28.289474%} CSCO{41.776316%} VZ{3.947368%} AMGN{11.842105%} IBM{14.144737%} ,
245,44559.38577,28215.41032,0.633209,5,MRK{28.052805%} CSCO{41.914191%} VZ{3.960396%} AMGN{11.881188%} IBM{14.191419%} ,
246,44562.53896,28237.10062,0.633651,5,MRK{27.814570%} CSCO{42.052980%} VZ{3.973510%} AMGN{11.920530%} IBM{14.238411%} ,
247,44599.23715,28273.18113,0.633939,6,UNH{0.335570%} MRK{26.845638%} CSCO{42.617450%} VZ{3.691275%} AMGN{12.080537%} IBM{14.429530%} ,
248,44653.14966,28289.58802,0.633541,7,UNH{0.335570%} V{0.671141%} MRK{26.845638%} CSCO{42.617450%} VZ{3.020134%} AMGN{12.080537%} IBM{14.429530%} ,
249,44682.47566,28297.52117,0.633302,7,UNH{0.336700%} MRK{26.936027%} CSCO{42.760943%} MCD{0.336700%} VZ{3.030303%} AMGN{12.121212%} IBM{14.478114%} ,
250,44689.41408,28304.88694,0.633369,7,UNH{0.336700%} MRK{26.936027%} KO{0.336700%} CSCO{42.760943%} VZ{3.030303%} AMGN{12.121212%} IBM{14.478114%} ,
251,44700.68284,28320.42974,0.633557,7,UNH{0.336700%} HD{0.336700%} MRK{26.936027%} CSCO{42.760943%} VZ{3.030303%} AMGN{12.121212%} IBM{14.478114%} ,
252,44701.05232,28382.15932,0.634933,5,MRK{27.722772%} CSCO{41.914191%} VZ{3.960396%} AMGN{12.211221%} IBM{14.191419%} ,
253,44764.11137,28424.23227,0.634978,6,V{0.352113%} MRK{22.535211%} CSCO{44.366197%} VZ{4.929577%} AMGN{12.676056%} IBM{15.140845%} ,
254,44803.82933,28445.25473,0.634884,6,UNH{0.337838%} MRK{27.027027%} CSCO{42.905405%} VZ{3.040541%} AMGN{12.162162%} IBM{14.527027%} ,
255,44808.97489,28482.51974,0.635643,7,V{1.075269%} HD{0.716846%} MRK{23.297491%} CSCO{43.727599%} VZ{4.301075%} AMGN{12.903226%} IBM{13.978495%} ,
256,44851.37075,28523.45227,0.635955,6,V{0.352113%} MRK{22.535211%} CSCO{44.718310%} VZ{4.577465%} AMGN{12.676056%} IBM{15.140845%} ,
257,44855.42526,28545.08106,0.63638,6,V{0.363636%} MRK{23.272727%} CSCO{43.272727%} VZ{4.363636%} AMGN{13.090909%} IBM{15.636364%} ,
258,44857.36962,28571.71933,0.636946,6,V{0.359712%} MRK{23.021583%} CSCO{43.884892%} VZ{4.316547%} AMGN{12.949640%} IBM{15.467626%} ,
259,44863.77216,28580.23911,0.637045,6,V{0.358423%} MRK{22.939068%} CSCO{44.086022%} VZ{4.301075%} AMGN{12.903226%} IBM{15.412186%} ,
260,44875.39164,28590.22804,0.637103,6,V{0.357143%} MRK{22.857143%} CSCO{44.285714%} VZ{4.285714%} AMGN{12.857143%} IBM{15.357143%} ,
261,44888.45464,28598.41274,0.6371,6,V{0.355872%} MRK{22.775801%} CSCO{44.483986%} VZ{4.270463%} AMGN{12.811388%} IBM{15.302491%} ,
262,44903.52018,28606.14462,0.637058,6,V{0.354610%} MRK{22.695035%} CSCO{44.680851%} VZ{4.255319%} AMGN{12.765957%} IBM{15.248227%} ,
263,44911.80195,28606.77171,0.636954,5,MRK{22.614841%} CSCO{44.876325%} VZ{4.593640%} AMGN{12.720848%} IBM{15.194346%} ,
264,44923.67164,28615.42043,0.636979,6,V{0.353357%} MRK{22.614841%} CSCO{44.876325%} VZ{4.240283%} AMGN{12.720848%} IBM{15.194346%} ,
265,44961.51922,28659.46589,0.637422,5,MRK{24.199288%} CSCO{43.772242%} VZ{3.202847%} AMGN{12.811388%} IBM{16.014235%} ,
266,44962.50209,28676.14115,0.637779,5,MRK{24.028269%} CSCO{44.169611%} VZ{3.180212%} AMGN{12.720848%} IBM{15.901060%} ,
267,44965.61888,28683.10274,0.63789,5,MRK{23.943662%} CSCO{44.366197%} VZ{3.169014%} AMGN{12.676056%} IBM{15.845070%} ,
268,44968.52327,28690.12676,0.638005,5,MRK{22.775801%} CSCO{44.839858%} VZ{4.270463%} AMGN{12.811388%} IBM{15.302491%} ,
269,44973.01764,28698.37634,0.638124,6,V{0.355872%} MRK{22.775801%} CSCO{44.839858%} VZ{4.270463%} AMGN{12.811388%} IBM{14.946619%} ,
270,44989.72693,28705.82367,0.638053,6,V{0.354610%} MRK{22.695035%} CSCO{45.035461%} VZ{4.255319%} AMGN{12.765957%} IBM{14.893617%} ,
271,45010.08314,28773.9941,0.639279,5,MRK{25.087108%} CSCO{44.250871%} VZ{3.135889%} AMGN{12.543554%} IBM{14.982578%} ,
272,45045.358,28781.88608,0.638953,5,MRK{23.943662%} CSCO{44.718310%} VZ{3.169014%} AMGN{12.676056%} IBM{15.492958%} ,
273,45046.49097,28790.72434,0.639134,6,V{0.357143%} MRK{22.857143%} CSCO{45.000000%} VZ{4.285714%} AMGN{12.857143%} IBM{14.642857%} ,
274,45062.47697,28798.29788,0.639075,6,V{0.355872%} MRK{22.775801%} CSCO{45.195730%} VZ{4.270463%} AMGN{12.811388%} IBM{14.590747%} ,
275,45087.03849,28832.0293,0.639475,5,MRK{23.404255%} CSCO{45.035461%} VZ{3.546099%} AMGN{12.765957%} IBM{15.248227%} ,
276,45123.6359,28874.51942,0.639898,5,MRK{24.028269%} CSCO{44.876325%} VZ{3.180212%} AMGN{12.720848%} IBM{15.194346%} ,
277,45192.4458,28925.30394,0.640047,5,MRK{23.487544%} CSCO{45.195730%} VZ{3.202847%} AMGN{12.811388%} IBM{15.302491%} ,
278,45230.93962,28951.6541,0.640085,5,MRK{23.214286%} CSCO{45.357143%} VZ{3.214286%} AMGN{12.857143%} IBM{15.357143%} ,
279,45257.41772,28960.84198,0.639914,5,MRK{23.104693%} CSCO{45.126354%} VZ{3.249097%} AMGN{12.996390%} IBM{15.523466%} ,
280,45261.91373,28968.68617,0.640023,5,MRK{23.021583%} CSCO{45.323741%} VZ{3.237410%} AMGN{12.949640%} IBM{15.467626%} ,
281,45268.50938,28975.81157,0.640088,5,MRK{22.939068%} CSCO{45.519713%} VZ{3.225806%} AMGN{12.903226%} IBM{15.412186%} ,
282,45275.67379,28992.39494,0.640353,6,V{0.716846%} MRK{22.939068%} CSCO{45.519713%} VZ{3.225806%} AMGN{12.903226%} IBM{14.695341%} ,
283,45281.92777,29003.82283,0.640517,6,V{0.796813%} MRK{25.498008%} CSCO{44.223108%} VZ{4.382470%} AMGN{12.749004%} IBM{12.350598%} ,
284,45293.16184,29059.11492,0.641578,5,MRK{24.199288%} CSCO{45.195730%} VZ{3.202847%} AMGN{12.811388%} IBM{14.590747%} ,
285,45351.96694,29078.04257,0.641164,6,V{0.359712%} MRK{23.021583%} CSCO{45.683453%} VZ{3.237410%} AMGN{12.949640%} IBM{14.748201%} ,
286,45356.42382,29110.64071,0.64182,5,MRK{23.655914%} CSCO{45.519713%} VZ{3.225806%} AMGN{12.903226%} IBM{14.695341%} ,
287,45434.04923,29118.56511,0.640897,6,V{1.200000%} MRK{25.600000%} CSCO{44.400000%} VZ{3.600000%} AMGN{12.800000%} IBM{12.400000%} ,
288,45448.6354,29180.37135,0.642052,6,V{0.722022%} MRK{23.104693%} CSCO{45.848375%} VZ{3.249097%} AMGN{12.996390%} IBM{14.079422%} ,
289,45492.04553,29216.91342,0.642242,6,HD{0.362319%} MRK{23.188406%} CSCO{46.014493%} VZ{4.710145%} AMGN{13.043478%} IBM{12.681159%} ,
290,45500.51834,29218.81126,0.642164,6,HD{0.362319%} MRK{23.188406%} CSCO{46.014493%} VZ{3.260870%} AMGN{13.043478%} IBM{14.130435%} ,
291,45515.65475,29221.83977,0.642017,6,MRK{23.272727%} CSCO{46.181818%} MCD{0.727273%} VZ{4.000000%} AMGN{13.090909%} IBM{12.727273%} ,
292,45544.28712,29225.50522,0.641694,5,MRK{22.939068%} CSCO{45.519713%} VZ{3.225806%} AMGN{13.261649%} IBM{15.053763%} ,
293,45551.616,29241.07222,0.641933,6,V{0.775194%} MRK{25.193798%} CSCO{46.124031%} VZ{3.488372%} AMGN{12.403101%} IBM{12.015504%} ,
294,45552.37708,29260.47127,0.642348,5,MRK{23.188406%} CSCO{46.014493%} VZ{2.898551%} AMGN{13.043478%} IBM{14.855072%} ,
295,45574.03964,29270.47337,0.642262,6,V{0.778210%} MRK{24.902724%} CSCO{46.303502%} VZ{3.501946%} AMGN{12.451362%} IBM{12.062257%} ,
296,45592.97268,29353.08936,0.643807,5,MRK{23.272727%} CSCO{46.181818%} VZ{4.727273%} AMGN{13.090909%} IBM{12.727273%} ,
297,45603.18976,29356.79593,0.643744,6,V{0.364964%} MRK{23.357664%} CSCO{45.985401%} VZ{4.379562%} AMGN{13.138686%} IBM{12.773723%} ,
298,45607.80895,29361.96183,0.643792,6,V{0.363636%} MRK{23.272727%} CSCO{46.181818%} VZ{4.363636%} AMGN{13.090909%} IBM{12.727273%} ,
299,45686.91956,29388.80353,0.643265,6,V{1.454545%} MRK{23.272727%} CSCO{46.181818%} VZ{3.272727%} AMGN{13.090909%} IBM{12.727273%} ,
300,45689.06497,29394.04117,0.64335,6,MRK{23.357664%} KO{0.364964%} CSCO{46.350365%} VZ{3.284672%} AMGN{13.138686%} IBM{13.503650%} ,
301,45690.52547,29410.01155,0.643679,6,HD{0.364964%} MRK{23.357664%} CSCO{46.350365%} VZ{4.014599%} AMGN{13.138686%} IBM{12.773723%} ,
302,45696.78415,29435.18805,0.644141,5,MRK{24.548736%} CSCO{45.848375%} VZ{3.249097%} AMGN{12.996390%} IBM{13.357401%} ,
303,45731.18464,29437.20262,0.643701,6,V{0.775194%} MRK{24.806202%} CSCO{46.124031%} VZ{3.488372%} AMGN{12.790698%} IBM{12.015504%} ,
304,45777.65501,29461.3721,0.643575,6,V{0.763359%} MRK{24.427481%} CSCO{46.946565%} VZ{3.435115%} AMGN{12.595420%} IBM{11.832061%} ,
305,45799.37888,29463.32353,0.643313,6,V{1.102941%} MRK{23.529412%} CSCO{45.955882%} VZ{4.779412%} AMGN{13.235294%} IBM{11.397059%} ,
306,45799.9653,29466.75984,0.64338,6,V{0.729927%} MRK{23.357664%} CSCO{46.350365%} VZ{5.109489%} AMGN{13.138686%} IBM{11.313869%} ,
307,45801.03731,29548.68275,0.645153,5,MRK{23.443223%} CSCO{46.520147%} VZ{4.029304%} AMGN{13.186813%} IBM{12.820513%} ,
308,45846.0088,29550.13912,0.644552,5,MRK{23.443223%} CSCO{46.520147%} VZ{2.930403%} AMGN{13.186813%} IBM{13.919414%} ,
309,45864.00998,29566.64701,0.644659,6,V{0.732601%} MRK{23.443223%} CSCO{46.520147%} VZ{3.296703%} AMGN{13.186813%} IBM{12.820513%} ,
310,45900.8781,29579.1909,0.644414,6,MRK{23.529412%} CSCO{46.691176%} MCD{0.367647%} VZ{3.308824%} AMGN{13.235294%} IBM{12.867647%} ,
311,45913.93154,29587.43259,0.644411,6,MRK{23.529412%} KO{0.367647%} CSCO{46.691176%} VZ{3.308824%} AMGN{13.235294%} IBM{12.867647%} ,
312,45925.31795,29591.05635,0.64433,6,V{0.366300%} MRK{24.175824%} CSCO{46.153846%} VZ{4.761905%} AMGN{13.186813%} IBM{11.355311%} ,
313,45925.92058,29595.94655,0.644428,6,V{0.364964%} MRK{24.087591%} CSCO{46.350365%} VZ{4.744526%} AMGN{13.138686%} IBM{11.313869%} ,
314,45927.29917,29625.93568,0.645062,5,MRK{25.000000%} CSCO{46.484375%} VZ{3.515625%} AMGN{12.890625%} IBM{12.109375%} ,
315,45934.61919,29628.61025,0.645017,5,MRK{24.727273%} CSCO{46.181818%} VZ{3.272727%} AMGN{13.090909%} IBM{12.727273%} ,
316,45953.05898,29634.43103,0.644885,6,V{0.754717%} MRK{24.150943%} CSCO{47.169811%} VZ{3.396226%} AMGN{12.830189%} IBM{11.698113%} ,
317,45953.14322,29646.56051,0.645148,5,MRK{23.529412%} CSCO{46.691176%} VZ{2.941176%} AMGN{13.235294%} IBM{13.602941%} ,
318,45953.82311,29654.60378,0.645313,6,V{0.367647%} MRK{23.529412%} CSCO{46.691176%} VZ{3.308824%} AMGN{13.235294%} IBM{12.867647%} ,
319,45989.09847,29687.44227,0.645532,5,MRK{24.175824%} CSCO{46.520147%} VZ{3.296703%} AMGN{13.186813%} IBM{12.820513%} ,
320,46016.52329,29715.16717,0.64575,5,MRK{23.897059%} CSCO{46.691176%} VZ{3.308824%} AMGN{13.235294%} IBM{12.867647%} ,
321,46048.14705,29744.44908,0.645942,5,MRK{23.616236%} CSCO{46.863469%} VZ{3.321033%} AMGN{13.284133%} IBM{12.915129%} ,
322,46086.06912,29751.46739,0.645563,6,V{0.369004%} MRK{23.616236%} CSCO{46.863469%} VZ{4.428044%} AMGN{13.284133%} IBM{11.439114%} ,
323,46105.01558,29754.90668,0.645372,5,MRK{24.542125%} CSCO{46.520147%} VZ{4.395604%} AMGN{13.186813%} IBM{11.355311%} ,
324,46108.56623,29760.5592,0.645445,6,V{0.738007%} MRK{23.616236%} CSCO{46.863469%} VZ{4.059041%} AMGN{13.284133%} IBM{11.439114%} ,
325,46126.77519,29782.81403,0.645673,5,MRK{24.264706%} CSCO{46.691176%} VZ{4.411765%} AMGN{13.235294%} IBM{11.397059%} ,
326,46137.49686,29798.06422,0.645854,5,MRK{24.436090%} CSCO{47.744361%} VZ{3.383459%} AMGN{12.781955%} IBM{11.654135%} ,
327,46152.8897,29812.48852,0.645951,5,MRK{23.985240%} CSCO{46.863469%} VZ{4.428044%} AMGN{13.284133%} IBM{11.439114%} ,
328,46165.75245,29828.81485,0.646124,5,MRK{24.150943%} CSCO{47.924528%} VZ{3.396226%} AMGN{12.830189%} IBM{11.698113%} ,
329,46174.07791,29845.152,0.646362,5,MRK{23.703704%} CSCO{47.037037%} VZ{3.333333%} AMGN{13.333333%} IBM{12.592593%} ,
330,46191.52263,29845.66208,0.646129,5,MRK{23.703704%} CSCO{47.037037%} VZ{2.962963%} AMGN{13.333333%} IBM{12.962963%} ,
331,46223.35974,29852.28281,0.645827,6,V{0.370370%} MRK{23.703704%} CSCO{47.037037%} VZ{4.444444%} AMGN{13.333333%} IBM{11.111111%} ,
332,46228.42497,29854.45053,0.645803,5,MRK{24.806202%} CSCO{47.674419%} VZ{3.488372%} AMGN{12.790698%} IBM{11.240310%} ,
333,46244.6195,29868.75039,0.645886,5,MRK{24.812030%} CSCO{47.744361%} VZ{3.383459%} AMGN{12.781955%} IBM{11.278195%} ,
334,46248.59305,29882.24636,0.646122,5,MRK{24.354244%} CSCO{46.863469%} VZ{4.059041%} AMGN{13.284133%} IBM{11.439114%} ,
335,46262.75843,29885.74896,0.646,5,MRK{23.970037%} CSCO{47.565543%} VZ{4.494382%} AMGN{13.108614%} IBM{10.861423%} ,
336,46276.96096,29913.8746,0.64641,5,MRK{24.074074%} CSCO{47.037037%} VZ{4.074074%} AMGN{13.333333%} IBM{11.481481%} ,
337,46285.72918,29931.36305,0.646665,5,MRK{24.242424%} CSCO{48.106061%} VZ{3.030303%} AMGN{12.878788%} IBM{11.742424%} ,
338,46303.31851,29944.68958,0.646707,5,MRK{23.791822%} CSCO{47.211896%} VZ{3.345725%} AMGN{13.382900%} IBM{12.267658%} ,
339,46335.03337,29952.84538,0.646441,6,V{0.371747%} MRK{23.791822%} CSCO{47.211896%} VZ{3.717472%} AMGN{13.382900%} IBM{11.524164%} ,
340,46343.78907,29988.31833,0.647084,5,MRK{24.060150%} CSCO{47.744361%} VZ{3.383459%} AMGN{13.157895%} IBM{11.654135%} ,
341,46393.45503,30002.65171,0.6467,5,MRK{24.621212%} CSCO{48.106061%} VZ{3.030303%} AMGN{12.878788%} IBM{11.363636%} ,
342,46409.15087,30014.07181,0.646727,5,MRK{24.163569%} CSCO{47.211896%} VZ{3.717472%} AMGN{13.382900%} IBM{11.524164%} ,
343,46420.14324,30033.91046,0.647002,5,MRK{24.334601%} CSCO{48.288973%} VZ{3.041825%} AMGN{12.927757%} IBM{11.406844%} ,
344,46438.58136,30045.62918,0.646997,5,MRK{23.880597%} CSCO{47.388060%} VZ{3.731343%} AMGN{13.432836%} IBM{11.567164%} ,
345,46452.51334,30046.58352,0.646824,5,MRK{23.880597%} CSCO{47.388060%} VZ{2.985075%} AMGN{13.432836%} IBM{12.313433%} ,
346,46475.95796,30054.73475,0.646673,6,V{0.373134%} MRK{23.880597%} CSCO{47.388060%} VZ{3.358209%} AMGN{13.432836%} IBM{11.567164%} ,
347,46480.49893,30090.19461,0.647372,5,MRK{24.150943%} CSCO{47.924528%} VZ{3.018868%} AMGN{13.207547%} IBM{11.698113%} ,
348,46522.32955,30098.46774,0.646968,6,V{0.377358%} MRK{24.150943%} CSCO{47.924528%} VZ{3.396226%} AMGN{13.207547%} IBM{10.943396%} ,
349,46535.06936,30105.38593,0.64694,5,MRK{24.714829%} CSCO{48.288973%} VZ{3.041825%} AMGN{12.927757%} IBM{11.026616%} ,
350,46554.64233,30116.41891,0.646905,5,MRK{24.253731%} CSCO{47.388060%} VZ{3.358209%} AMGN{13.432836%} IBM{11.567164%} ,
351,46560.42178,30136.8543,0.647263,5,MRK{24.427481%} CSCO{48.473282%} VZ{3.053435%} AMGN{12.977099%} IBM{11.068702%} ,
352,46581.07654,30146.53046,0.647184,5,MRK{23.970037%} CSCO{47.565543%} VZ{3.370787%} AMGN{13.483146%} IBM{11.610487%} ,
353,46602.83221,30160.81494,0.647188,5,MRK{24.528302%} CSCO{47.924528%} VZ{3.396226%} AMGN{13.207547%} IBM{10.943396%} ,
354,46625.25121,30193.89799,0.647587,5,MRK{24.242424%} CSCO{48.106061%} VZ{3.030303%} AMGN{13.257576%} IBM{11.363636%} ,
355,46664.15817,30202.61059,0.647234,6,V{0.378788%} MRK{24.242424%} CSCO{48.106061%} VZ{3.030303%} AMGN{13.257576%} IBM{10.984848%} ,
356,46682.58704,30208.51658,0.647105,5,MRK{24.809160%} CSCO{48.473282%} VZ{3.053435%} AMGN{12.977099%} IBM{10.687023%} ,
357,46702.24832,30217.02983,0.647014,5,MRK{24.344569%} CSCO{47.565543%} VZ{3.370787%} AMGN{13.483146%} IBM{11.235955%} ,
358,46708.0106,30217.5022,0.646945,5,MRK{24.344569%} CSCO{47.565543%} VZ{2.996255%} AMGN{13.483146%} IBM{11.610487%} ,
359,46709.3719,30242.12093,0.647453,5,MRK{24.521073%} CSCO{48.659004%} VZ{3.065134%} AMGN{13.026820%} IBM{10.727969%} ,
360,46730.56372,30249.25862,0.647312,5,MRK{24.060150%} CSCO{47.744361%} VZ{3.383459%} AMGN{13.533835%} IBM{11.278195%} ,
361,46737.33116,30249.74494,0.647229,5,MRK{24.060150%} CSCO{47.744361%} VZ{3.007519%} AMGN{13.533835%} IBM{11.654135%} ,
362,46748.92121,30265.18665,0.647399,5,MRK{24.621212%} CSCO{48.106061%} VZ{3.030303%} AMGN{13.257576%} IBM{10.984848%} ,
363,46776.11706,30298.08211,0.647725,5,MRK{24.334601%} CSCO{48.288973%} VZ{3.041825%} AMGN{13.307985%} IBM{11.026616%} ,
364,46818.40289,30306.8368,0.647327,6,V{0.380228%} MRK{24.334601%} CSCO{48.288973%} VZ{3.041825%} AMGN{13.307985%} IBM{10.646388%} ,
365,46839.30098,30314.19889,0.647196,5,MRK{24.904215%} CSCO{48.659004%} VZ{3.065134%} AMGN{13.026820%} IBM{10.344828%} ,
366,46858.78698,30319.9448,0.647049,5,MRK{24.436090%} CSCO{47.744361%} VZ{3.383459%} AMGN{13.533835%} IBM{10.902256%} ,
367,46861.9015,30320.43112,0.647017,5,MRK{24.436090%} CSCO{47.744361%} VZ{3.007519%} AMGN{13.533835%} IBM{11.278195%} ,
368,46862.00773,30346.00273,0.647561,5,MRK{24.615385%} CSCO{48.846154%} VZ{3.076923%} AMGN{13.076923%} IBM{10.384615%} ,
369,46885.75726,30352.29008,0.647367,5,MRK{24.150943%} CSCO{47.924528%} VZ{3.396226%} AMGN{13.584906%} IBM{10.943396%} ,
370,46889.82857,30352.7716,0.647321,5,MRK{24.150943%} CSCO{47.924528%} VZ{3.018868%} AMGN{13.584906%} IBM{11.320755%} ,
371,46904.28704,30353.25312,0.647132,5,MRK{24.150943%} CSCO{47.924528%} VZ{2.641509%} AMGN{13.584906%} IBM{11.698113%} ,
372,46906.92148,30369.51551,0.647442,5,MRK{24.714829%} CSCO{48.288973%} VZ{3.041825%} AMGN{13.307985%} IBM{10.646388%} ,
373,46932.92601,30402.66265,0.64779,5,MRK{24.427481%} CSCO{48.473282%} VZ{3.053435%} AMGN{13.358779%} IBM{10.687023%} ,
374,46999.5993,30418.4543,0.647207,5,MRK{25.000000%} CSCO{48.846154%} VZ{3.076923%} AMGN{13.076923%} IBM{10.000000%} ,
375,47021.41486,30423.34987,0.647011,5,MRK{24.528302%} CSCO{47.924528%} VZ{3.396226%} AMGN{13.584906%} IBM{10.566038%} ,
376,47021.86925,30423.87345,0.647015,5,MRK{24.528302%} CSCO{47.924528%} VZ{3.018868%} AMGN{13.584906%} IBM{10.943396%} ,
377,47023.78518,30452.37539,0.647595,5,MRK{24.710425%} CSCO{49.034749%} VZ{3.088803%} AMGN{13.127413%} IBM{10.038610%} ,
378,47047.12924,30455.90477,0.647349,5,MRK{24.242424%} CSCO{48.106061%} VZ{3.409091%} AMGN{13.636364%} IBM{10.606061%} ,
379,47048.53716,30456.43293,0.647341,5,MRK{24.242424%} CSCO{48.106061%} VZ{3.030303%} AMGN{13.636364%} IBM{10.984848%} ,
380,47082.52957,30457.40512,0.646894,5,MRK{24.242424%} CSCO{48.106061%} VZ{2.272727%} AMGN{13.636364%} IBM{11.742424%} ,
381,47092.99436,30465.10347,0.646914,6,V{0.378788%} MRK{24.242424%} CSCO{48.106061%} VZ{3.030303%} AMGN{13.636364%} IBM{10.606061%} ,
382,47096.19352,30507.88722,0.647778,5,MRK{24.521073%} CSCO{48.659004%} VZ{3.065134%} AMGN{13.409962%} IBM{10.344828%} ,
383,47151.97654,30514.83549,0.647159,6,V{0.390625%} MRK{25.000000%} CSCO{49.609375%} VZ{1.562500%} AMGN{12.890625%} IBM{10.546875%} ,
384,47162.20582,30516.19357,0.647048,6,V{0.383142%} MRK{24.521073%} CSCO{48.659004%} VZ{3.448276%} AMGN{13.409962%} IBM{9.578544%} ,
385,47187.63418,30527.67953,0.646942,5,MRK{24.621212%} CSCO{48.106061%} VZ{3.030303%} AMGN{13.636364%} IBM{10.606061%} ,
386,47191.87147,30559.20528,0.647552,5,MRK{24.806202%} CSCO{49.224806%} VZ{3.100775%} AMGN{13.178295%} IBM{9.689922%} ,
387,47216.2679,30562.21169,0.647281,5,MRK{24.334601%} CSCO{48.288973%} VZ{3.041825%} AMGN{13.688213%} IBM{10.646388%} ,
388,47245.02949,30563.22572,0.646909,5,MRK{24.334601%} CSCO{48.288973%} VZ{2.281369%} AMGN{13.688213%} IBM{11.406844%} ,
389,47258.96725,30579.43267,0.647061,5,MRK{24.904215%} CSCO{48.659004%} VZ{3.448276%} AMGN{13.409962%} IBM{9.578544%} ,
390,47265.31398,30613.36366,0.647692,5,MRK{24.615385%} CSCO{48.846154%} VZ{3.076923%} AMGN{13.461538%} IBM{10.000000%} ,
391,47281.10504,30614.87205,0.647508,5,MRK{24.615385%} CSCO{48.846154%} VZ{1.923077%} AMGN{13.461538%} IBM{11.153846%} ,
392,47317.73708,30622.28668,0.647163,6,V{0.384615%} MRK{24.615385%} CSCO{48.846154%} VZ{3.076923%} AMGN{13.461538%} IBM{9.615385%} ,
393,47362.6033,30633.68716,0.646791,5,MRK{24.714829%} CSCO{48.288973%} VZ{3.041825%} AMGN{13.688213%} IBM{10.266160%} ,
394,47387.00696,30666.75017,0.647155,5,MRK{24.427481%} CSCO{48.473282%} VZ{3.053435%} AMGN{13.740458%} IBM{10.305344%} ,
395,47390.45926,30677.49231,0.647335,6,V{0.389105%} MRK{24.902724%} CSCO{49.416342%} VZ{1.556420%} AMGN{13.229572%} IBM{10.505837%} ,
396,47418.84923,30685.85729,0.647124,5,MRK{25.000000%} CSCO{48.846154%} VZ{3.076923%} AMGN{13.461538%} IBM{9.615385%} ,
397,47441.39972,30719.73632,0.64753,5,MRK{24.710425%} CSCO{49.034749%} VZ{3.088803%} AMGN{13.513514%} IBM{9.652510%} ,
398,47451.21826,30723.98074,0.647486,5,MRK{25.196850%} CSCO{50.000000%} VZ{1.181102%} AMGN{12.992126%} IBM{10.629921%} ,
399,47488.6468,30732.61985,0.647157,6,V{0.393701%} MRK{25.196850%} CSCO{50.000000%} VZ{1.574803%} AMGN{12.992126%} IBM{9.842520%} ,
400,47540.49518,30738.41245,0.646573,5,MRK{24.809160%} CSCO{48.473282%} VZ{3.053435%} AMGN{13.740458%} IBM{9.923664%} ,
401,47567.22294,30773.65351,0.646951,5,MRK{24.521073%} CSCO{48.659004%} VZ{3.065134%} AMGN{13.793103%} IBM{9.961686%} ,
402,47570.88854,30774.14396,0.646911,5,MRK{24.521073%} CSCO{48.659004%} VZ{2.681992%} AMGN{13.793103%} IBM{10.344828%} ,
403,47582.42304,30779.26988,0.646862,5,MRK{25.498008%} CSCO{50.597610%} VZ{1.195219%} AMGN{12.749004%} IBM{9.960159%} ,
404,47601.80805,30792.18789,0.64687,5,MRK{25.096525%} CSCO{49.034749%} VZ{3.088803%} AMGN{13.513514%} IBM{9.266409%} ,
405,47626.4619,30828.20291,0.647291,5,MRK{24.806202%} CSCO{49.224806%} VZ{3.100775%} AMGN{13.565891%} IBM{9.302326%} ,
406,47646.66292,30830.20544,0.647059,5,MRK{24.806202%} CSCO{49.224806%} VZ{1.550388%} AMGN{13.565891%} IBM{10.852713%} ,
407,47678.69048,30830.74229,0.646636,5,MRK{24.806202%} CSCO{49.224806%} VZ{1.162791%} AMGN{13.565891%} IBM{11.240310%} ,
408,47703.87022,30843.71769,0.646566,6,V{0.395257%} MRK{25.296443%} CSCO{50.197628%} VZ{0.395257%} AMGN{13.043478%} IBM{10.671937%} ,
409,47715.2471,30887.14511,0.647322,5,MRK{25.098039%} CSCO{49.803922%} VZ{1.176471%} AMGN{13.333333%} IBM{10.588235%} ,
410,47745.66273,30895.70464,0.647089,6,V{0.392157%} MRK{25.098039%} CSCO{49.803922%} VZ{1.568627%} AMGN{13.333333%} IBM{9.803922%} ,
411,47814.26707,30900.90579,0.64627,6,V{0.400000%} MRK{25.600000%} CSCO{50.800000%} VZ{0.400000%} AMGN{12.800000%} IBM{10.000000%} ,
412,47817.81337,30937.03325,0.646977,5,MRK{24.902724%} CSCO{49.416342%} VZ{3.112840%} AMGN{13.618677%} IBM{8.949416%} ,
413,47840.09063,30944.96,0.646842,5,MRK{25.396825%} CSCO{50.396825%} VZ{0.396825%} AMGN{13.095238%} IBM{10.714286%} ,
414,47860.87354,30945.60268,0.646574,5,MRK{25.498008%} CSCO{50.199203%} VZ{0.398406%} AMGN{13.147410%} IBM{10.756972%} ,
415,47922.12661,30953.26028,0.645907,5,MRK{25.000000%} CSCO{48.846154%} VZ{3.076923%} AMGN{13.846154%} IBM{9.230769%} ,
416,47927.93095,30966.92324,0.646114,5,MRK{26.000000%} CSCO{50.800000%} VZ{0.400000%} AMGN{12.800000%} IBM{10.000000%} ,
417,47932.24684,30993.55576,0.646612,5,MRK{25.196850%} CSCO{50.000000%} VZ{3.149606%} AMGN{13.385827%} IBM{8.267717%} ,
418,47951.09918,31003.67347,0.646569,5,MRK{25.702811%} CSCO{51.004016%} VZ{0.401606%} AMGN{12.851406%} IBM{10.040161%} ,
419,47996.90568,31006.31317,0.646007,6,V{0.393701%} MRK{25.196850%} CSCO{50.000000%} VZ{0.393701%} AMGN{13.385827%} IBM{10.629921%} ,
420,48016.11689,31046.60586,0.646587,5,MRK{25.000000%} CSCO{49.609375%} VZ{3.125000%} AMGN{13.671875%} IBM{8.593750%} ,
421,48022.1097,31057.36892,0.646731,5,MRK{25.498008%} CSCO{50.597610%} VZ{0.398406%} AMGN{13.147410%} IBM{10.358566%} ,
422,48055.46303,31057.90031,0.646293,4,MRK{25.498008%} CSCO{50.597610%} AMGN{13.147410%} IBM{10.756972%} ,
423,48122.05313,31061.18553,0.645467,5,MRK{25.096525%} CSCO{49.034749%} VZ{3.088803%} AMGN{13.899614%} IBM{8.880309%} ,
424,48141.00095,31108.40785,0.646194,5,MRK{25.296443%} CSCO{50.197628%} VZ{0.395257%} AMGN{13.438735%} IBM{10.671937%} ,
425,48176.42043,31108.8966,0.645729,5,MRK{25.396825%} CSCO{50.000000%} VZ{0.396825%} AMGN{13.492063%} IBM{10.714286%} ,
426,48199.64632,31120.07559,0.645649,5,MRK{25.390625%} CSCO{49.609375%} VZ{3.125000%} AMGN{13.671875%} IBM{8.203125%} ,
427,48208.23327,31168.70105,0.646543,5,MRK{25.600000%} CSCO{50.800000%} VZ{0.400000%} AMGN{13.200000%} IBM{10.000000%} ,
428,48328.96253,31170.02574,0.644955,5,MRK{25.193798%} CSCO{49.224806%} VZ{3.100775%} AMGN{13.953488%} IBM{8.527132%} ,
429,48330.74499,31231.29249,0.646199,5,MRK{25.910931%} CSCO{51.417004%} VZ{0.404858%} AMGN{12.955466%} IBM{9.311741%} ,
430,48432.44632,31267.3794,0.645587,5,MRK{25.196850%} CSCO{50.000000%} VZ{3.149606%} AMGN{13.779528%} IBM{7.874016%} ,
431,48528.42442,31332.74514,0.645658,5,MRK{25.498008%} CSCO{50.597610%} VZ{0.398406%} AMGN{13.545817%} IBM{9.960159%} ,
432,48712.32069,31335.29674,0.643273,6,V{0.781250%} MRK{25.000000%} CSCO{49.609375%} VZ{3.125000%} AMGN{14.062500%} IBM{7.421875%} ,
433,48742.84881,31352.28374,0.643218,5,MRK{25.680934%} CSCO{49.416342%} VZ{3.112840%} AMGN{14.007782%} IBM{7.782101%} ,
434,48746.43833,31366.15613,0.643455,5,MRK{24.806202%} CSCO{49.224806%} VZ{3.100775%} AMGN{14.341085%} IBM{8.527132%} ,
435,48755.51458,31460.28589,0.645266,5,MRK{26.122449%} CSCO{51.836735%} VZ{1.224490%} AMGN{13.061224%} IBM{7.755102%} ,
436,48860.78999,31480.31562,0.644286,6,V{0.816327%} MRK{26.122449%} CSCO{51.836735%} VZ{0.408163%} AMGN{13.061224%} IBM{7.755102%} ,
437,48961.27019,31503.96997,0.643447,6,MRK{26.229508%} CSCO{52.049180%} MCD{0.409836%} VZ{0.409836%} AMGN{13.114754%} IBM{7.786885%} ,
438,48994.97548,31527.26641,0.64348,6,PG{0.409836%} MRK{26.229508%} CSCO{52.049180%} VZ{0.409836%} AMGN{13.114754%} IBM{7.786885%} ,
439,49005.36582,31531.84648,0.643437,6,HD{0.409836%} MRK{26.229508%} CSCO{52.049180%} VZ{0.409836%} AMGN{13.114754%} IBM{7.786885%} ,
440,49008.01722,31566.54359,0.64411,6,WMT{0.409836%} MRK{26.229508%} CSCO{52.049180%} VZ{0.409836%} AMGN{13.114754%} IBM{7.786885%} ,
441,49017.97722,31587.76206,0.644412,6,V{0.409836%} MRK{26.229508%} CSCO{52.049180%} VZ{0.409836%} AMGN{13.114754%} IBM{7.786885%} ,
442,49140.51905,31614.77378,0.643354,5,MRK{26.938776%} CSCO{51.836735%} VZ{0.408163%} AMGN{13.061224%} IBM{7.755102%} ,
443,49158.74891,31655.33444,0.643941,5,MRK{26.639344%} CSCO{52.049180%} VZ{0.409836%} AMGN{13.114754%} IBM{7.786885%} ,
444,49180.76374,31697.25592,0.644505,5,MRK{26.337449%} CSCO{52.263374%} VZ{0.411523%} AMGN{13.168724%} IBM{7.818930%} ,
445,49348.9624,31740.59247,0.643187,5,MRK{14.224138%} CSCO{54.741379%} VZ{3.879310%} AMGN{15.517241%} IBM{11.637931%} ,
446,49417.08651,31822.33932,0.643954,5,MRK{14.655172%} CSCO{54.741379%} VZ{3.448276%} AMGN{15.517241%} IBM{11.637931%} ,
447,49494.74766,31863.44626,0.643774,5,MRK{26.229508%} CSCO{52.049180%} VZ{0.409836%} AMGN{13.524590%} IBM{7.786885%} ,
448,49532.62777,31864.39333,0.643301,5,MRK{14.285714%} CSCO{54.978355%} VZ{3.463203%} AMGN{15.584416%} IBM{11.688312%} ,
449,49547.607,31945.18977,0.644737,5,MRK{14.718615%} CSCO{54.978355%} VZ{3.896104%} AMGN{15.584416%} IBM{10.822511%} ,
450,49815.07936,32035.45406,0.643087,5,MRK{13.973799%} CSCO{55.458515%} VZ{3.493450%} AMGN{15.720524%} IBM{11.353712%} ,
451,49856.51628,32055.19405,0.642949,6,V{0.873362%} MRK{13.973799%} CSCO{55.458515%} VZ{3.930131%} AMGN{15.720524%} IBM{10.043668%} ,
452,49962.46357,32100.72498,0.642497,5,MRK{14.611872%} CSCO{57.990868%} VZ{0.456621%} AMGN{14.611872%} IBM{12.328767%} ,
453,49983.38672,32163.79081,0.64349,5,MRK{14.035088%} CSCO{55.701754%} VZ{3.508772%} AMGN{15.789474%} IBM{10.964912%} ,
454,50135.77786,32291.87412,0.644088,5,MRK{14.096916%} CSCO{55.947137%} VZ{3.964758%} AMGN{15.859031%} IBM{10.132159%} ,
455,50320.16977,32350.93776,0.642902,6,MRK{14.159292%} KO{0.442478%} CSCO{56.194690%} VZ{3.982301%} AMGN{15.929204%} IBM{9.292035%} ,
456,50532.17896,32552.09427,0.644185,5,MRK{14.222222%} CSCO{56.444444%} VZ{3.555556%} AMGN{16.000000%} IBM{9.777778%} ,
457,50619.81836,32572.14353,0.643466,6,V{0.888889%} MRK{14.222222%} CSCO{56.444444%} VZ{4.000000%} AMGN{16.000000%} IBM{8.444444%} ,
458,50701.85197,32718.83588,0.645318,5,MRK{15.111111%} CSCO{56.444444%} VZ{4.000000%} AMGN{16.000000%} IBM{8.444444%} ,
459,50934.14417,32817.61618,0.644315,5,MRK{14.349776%} CSCO{56.950673%} VZ{4.035874%} AMGN{16.143498%} IBM{8.520179%} ,
460,50978.74315,32826.8429,0.643932,5,MRK{14.414414%} CSCO{56.756757%} VZ{4.054054%} AMGN{16.216216%} IBM{8.558559%} ,
461,51164.20748,32954.00914,0.644083,5,MRK{14.414414%} CSCO{57.207207%} VZ{3.603604%} AMGN{16.216216%} IBM{8.558559%} ,
462,51306.79879,33094.96433,0.645041,5,MRK{15.962441%} CSCO{59.624413%} VZ{4.225352%} AMGN{15.023474%} IBM{5.164319%} ,
463,51606.69199,33230.42767,0.643917,6,WMT{0.469484%} MRK{15.023474%} CSCO{59.624413%} VZ{4.225352%} AMGN{15.492958%} IBM{5.164319%} ,
464,51935.37315,33375.02648,0.642626,5,MRK{14.678899%} CSCO{57.798165%} VZ{4.128440%} AMGN{16.513761%} IBM{6.880734%} ,
465,51958.92738,33428.46047,0.643363,5,MRK{16.289593%} CSCO{57.466063%} VZ{4.072398%} AMGN{16.289593%} IBM{5.882353%} ,
466,52393.82708,33645.63325,0.642168,5,MRK{14.746544%} CSCO{58.525346%} VZ{3.686636%} AMGN{16.589862%} IBM{6.451613%} ,
467,52579.00205,33666.43667,0.640302,6,V{0.921659%} MRK{14.746544%} CSCO{58.525346%} VZ{4.147465%} AMGN{16.589862%} IBM{5.069124%} ,
468,52741.20067,33818.45686,0.641215,5,MRK{15.668203%} CSCO{58.525346%} VZ{4.147465%} AMGN{16.589862%} IBM{5.069124%} ,
469,52813.67281,33831.29072,0.640578,5,MRK{15.740741%} CSCO{58.333333%} VZ{4.166667%} AMGN{16.666667%} IBM{5.092593%} ,
470,52890.5744,33843.60197,0.63988,5,MRK{15.813953%} CSCO{58.139535%} VZ{4.186047%} AMGN{16.744186%} IBM{5.116279%} ,
471,52970.03952,33929.90889,0.640549,5,MRK{14.883721%} CSCO{59.069767%} VZ{4.186047%} AMGN{16.744186%} IBM{5.116279%} ,
472,53012.15617,33961.85687,0.640643,5,MRK{15.740741%} CSCO{58.796296%} VZ{3.703704%} AMGN{16.666667%} IBM{5.092593%} ,
473,53245.30998,34075.99434,0.639981,5,MRK{14.953271%} CSCO{59.345794%} VZ{3.738318%} AMGN{16.822430%} IBM{5.140187%} ,
474,53343.12495,34104.70244,0.639346,5,MRK{15.813953%} CSCO{59.069767%} VZ{4.186047%} AMGN{16.744186%} IBM{4.186047%} ,
475,53515.16998,34107.50665,0.637343,5,MRK{14.814815%} CSCO{58.796296%} VZ{4.166667%} AMGN{17.129630%} IBM{5.092593%} ,
476,53709.88897,34136.6602,0.635575,5,MRK{14.953271%} CSCO{58.411215%} VZ{4.205607%} AMGN{17.289720%} IBM{5.140187%} ,
477,53963.72514,34238.63641,0.634475,6,WMT{0.465116%} MRK{14.883721%} CSCO{59.069767%} VZ{4.186047%} AMGN{17.209302%} IBM{4.186047%} ,
478,54129.12662,34284.43835,0.633382,5,MRK{14.746544%} CSCO{58.525346%} VZ{4.147465%} AMGN{17.511521%} IBM{5.069124%} ,
479,54153.91281,34341.31264,0.634143,5,MRK{9.756098%} CSCO{61.951220%} VZ{4.390244%} AMGN{17.560976%} IBM{6.341463%} ,
480,54439.97513,34344.24878,0.630865,6,MRK{15.165877%} CSCO{60.189573%} MCD{0.947867%} VZ{5.213270%} AMGN{17.061611%} IBM{1.421801%} ,
481,54903.58491,34593.45282,0.630076,5,MRK{7.960199%} CSCO{63.184080%} VZ{3.980100%} AMGN{17.910448%} IBM{6.965174%} ,
482,55041.10888,34615.86774,0.628909,6,V{0.995025%} MRK{7.960199%} CSCO{63.184080%} VZ{4.477612%} AMGN{17.910448%} IBM{5.472637%} ,
483,55086.81922,34780.12211,0.631369,5,MRK{8.955224%} CSCO{63.184080%} VZ{4.477612%} AMGN{17.910448%} IBM{5.472637%} ,
484,55164.99498,34797.96108,0.630798,5,MRK{9.000000%} CSCO{63.000000%} VZ{4.500000%} AMGN{18.000000%} IBM{5.500000%} ,
485,55251.72877,34817.06383,0.630153,5,MRK{9.045226%} CSCO{62.814070%} VZ{4.522613%} AMGN{18.090452%} IBM{5.527638%} ,
486,55376.10202,35004.78553,0.632128,5,MRK{16.267943%} CSCO{60.765550%} VZ{0.478469%} AMGN{17.224880%} IBM{5.263158%} ,
487,55637.6276,35128.28508,0.631376,5,MRK{15.458937%} CSCO{61.352657%} VZ{4.347826%} AMGN{17.391304%} IBM{1.449275%} ,
488,55985.30847,35288.86309,0.630324,5,MRK{15.533981%} CSCO{61.650485%} VZ{0.485437%} AMGN{17.475728%} IBM{4.854369%} ,
489,56747.35934,35319.29356,0.622395,5,MRK{5.181347%} CSCO{65.803109%} VZ{4.663212%} AMGN{18.652850%} IBM{5.699482%} ,
490,56836.03519,35342.11304,0.621826,5,MRK{5.208333%} CSCO{65.625000%} VZ{4.687500%} AMGN{18.750000%} IBM{5.729167%} ,
491,56882.44834,35378.16979,0.621952,6,MRK{8.205128%} CSCO{65.128205%} MCD{1.025641%} VZ{5.641026%} AMGN{18.461538%} IBM{1.538462%} ,
492,57054.7984,35488.31228,0.622004,5,MRK{5.208333%} CSCO{66.145833%} VZ{4.687500%} AMGN{18.750000%} IBM{5.208333%} ,
493,57060.05228,35489.02155,0.621959,5,MRK{5.208333%} CSCO{66.145833%} VZ{4.166667%} AMGN{18.750000%} IBM{5.729167%} ,
494,57375.78133,35659.88216,0.621515,5,MRK{5.235602%} CSCO{66.492147%} VZ{4.712042%} AMGN{18.848168%} IBM{4.712042%} ,
495,57818.16542,36098.70957,0.624349,5,MRK{9.326425%} CSCO{65.803109%} VZ{4.663212%} AMGN{18.652850%} IBM{1.554404%} ,
496,57978.34855,36104.1423,0.622718,5,MRK{9.326425%} CSCO{65.803109%} VZ{0.518135%} AMGN{18.652850%} IBM{5.699482%} ,
497,58215.85631,36250.40005,0.622689,5,MRK{8.376963%} CSCO{66.492147%} VZ{4.712042%} AMGN{18.848168%} IBM{1.570681%} ,
498,58762.30948,36430.16867,0.619958,5,MRK{8.421053%} CSCO{66.842105%} VZ{0.526316%} AMGN{18.947368%} IBM{5.263158%} ,
499,59539.01872,36720.74569,0.616751,5,MRK{5.405405%} CSCO{68.648649%} VZ{4.864865%} AMGN{19.459459%} IBM{1.621622%} ,
500,59805.9428,36726.41287,0.614093,5,MRK{5.405405%} CSCO{68.648649%} VZ{0.540541%} AMGN{19.459459%} IBM{5.945946%} ,
501,60028.27119,36883.30664,0.614432,5,MRK{4.371585%} CSCO{69.398907%} VZ{4.918033%} AMGN{19.672131%} IBM{1.639344%} ,
502,60548.29675,37051.16473,0.611927,5,MRK{3.314917%} CSCO{70.165746%} VZ{4.972376%} AMGN{19.889503%} IBM{1.657459%} ,
503,60698.24725,37076.38226,0.610831,5,MRK{4.395604%} CSCO{69.780220%} VZ{0.549451%} AMGN{19.780220%} IBM{5.494505%} ,
504,61095.92872,37222.7812,0.609251,5,MRK{2.234637%} CSCO{70.949721%} VZ{5.027933%} AMGN{20.111732%} IBM{1.675978%} ,
505,61381.36934,37310.23336,0.607843,5,MRK{1.685393%} CSCO{71.348315%} VZ{5.056180%} AMGN{20.224719%} IBM{1.685393%} ,
506,61671.9099,37398.07173,0.606404,5,MRK{1.129944%} CSCO{71.751412%} VZ{5.084746%} AMGN{20.338983%} IBM{1.694915%} ,
507,61830.09717,37421.87305,0.605237,5,MRK{2.247191%} CSCO{71.348315%} VZ{0.561798%} AMGN{20.224719%} IBM{5.617978%} ,
508,61971.54477,37487.29323,0.604911,5,MRK{0.568182%} CSCO{72.159091%} VZ{5.113636%} AMGN{20.454545%} IBM{1.704545%} ,
509,62276.62602,37576.84951,0.603386,4,CSCO{72.571429%} VZ{5.142857%} AMGN{20.571429%} IBM{1.714286%} ,
510,62362.05348,37594.50794,0.602843,5,MRK{1.123596%} CSCO{71.348315%} VZ{5.056180%} AMGN{20.786517%} IBM{1.685393%} ,
511,62438.92156,37600.17618,0.602191,5,MRK{1.136364%} CSCO{72.159091%} VZ{0.568182%} AMGN{20.454545%} IBM{5.681818%} ,
512,62753.20635,37690.0995,0.600608,5,MRK{0.571429%} CSCO{72.571429%} VZ{0.571429%} AMGN{20.571429%} IBM{5.714286%} ,
513,62964.86057,37773.55213,0.599915,4,CSCO{72.159091%} VZ{5.113636%} AMGN{21.022727%} IBM{1.704545%} ,
514,63077.31682,37782.06906,0.59898,4,CSCO{72.988506%} VZ{0.574713%} AMGN{20.689655%} IBM{5.747126%} ,
515,63127.74398,37787.4384,0.598587,5,MRK{1.117318%} CSCO{70.949721%} VZ{5.027933%} AMGN{21.229050%} IBM{1.675978%} ,
516,63723.9333,37793.29585,0.593079,5,MRK{1.117318%} CSCO{70.949721%} VZ{0.558659%} AMGN{21.229050%} IBM{6.145251%} ,
517,63739.3566,37970.0551,0.595708,4,CSCO{71.751412%} VZ{5.084746%} AMGN{21.468927%} IBM{1.694915%} ,
518,63892.09411,37979.02933,0.594425,4,CSCO{72.571429%} VZ{0.571429%} AMGN{21.142857%} IBM{5.714286%} ,
519,64782.34273,38174.14388,0.589268,4,CSCO{72.159091%} VZ{0.568182%} AMGN{21.590909%} IBM{5.681818%} ,
520,69099.32166,38908.09586,0.563075,5,MRK{1.081081%} CSCO{68.648649%} VZ{4.864865%} AMGN{23.783784%} IBM{1.621622%} ,
521,69739.25204,39095.84069,0.5606,4,CSCO{69.398907%} VZ{4.918033%} AMGN{24.043716%} IBM{1.639344%} ,
522,71374.42331,39300.44001,0.550624,4,CSCO{69.780220%} VZ{0.549451%} AMGN{24.175824%} IBM{5.494505%} ,
523,77694.64854,39311.1109,0.505969,5,WMT{0.502513%} CSCO{63.819095%} VZ{4.522613%} AMGN{26.633166%} IBM{4.522613%} ,
524,77729.36955,39529.03711,0.508547,5,CSCO{65.128205%} MCD{1.025641%} VZ{5.641026%} AMGN{26.666667%} IBM{1.538462%} ,
525,79363.70893,40293.1529,0.507702,5,MRK{1.036269%} CSCO{65.803109%} VZ{4.663212%} AMGN{26.943005%} IBM{1.554404%} ,
526,80070.76281,40486.51176,0.505634,4,CSCO{66.492147%} VZ{4.712042%} AMGN{27.225131%} IBM{1.570681%} ,
527,82204.41856,40690.24323,0.494989,4,CSCO{66.842105%} VZ{0.526316%} AMGN{27.368421%} IBM{5.263158%} ,
528,95836.89716,40739.27043,0.42509,4,MRK{19.008264%} CSCO{52.479339%} VZ{0.413223%} AMGN{28.099174%} ,
529,96994.28595,41277.89929,0.42557,5,MRK{0.921659%} CSCO{58.525346%} VZ{4.147465%} AMGN{31.336406%} IBM{5.069124%} ,
530,98838.91345,41410.30388,0.418968,5,WMT{0.460829%} CSCO{58.525346%} VZ{4.147465%} AMGN{31.797235%} IBM{5.069124%} ,
531,110948.3064,42230.68498,0.380634,4,MRK{18.110236%} CSCO{50.000000%} VZ{0.393701%} AMGN{31.496063%} ,
532,124906.084,42569.62994,0.340813,4,CSCO{49.224806%} VZ{3.100775%} AMGN{37.209302%} IBM{10.465116%} ,
533,125661.9754,42620.80802,0.33917,5,MRK{21.694915%} CSCO{43.050847%} VZ{0.338983%} AMGN{33.898305%} IBM{1.016949%} ,
534,126297.482,42756.31936,0.338537,5,MRK{21.768707%} CSCO{43.197279%} VZ{0.340136%} AMGN{34.013605%} IBM{0.680272%} ,
535,127797.1924,42758.11548,0.334578,4,CSCO{48.473282%} VZ{3.053435%} AMGN{37.786260%} IBM{10.687023%} ,
536,128280.169,42790.0757,0.333567,5,MRK{0.378788%} CSCO{48.106061%} VZ{3.409091%} AMGN{37.878788%} IBM{10.227273%} ,
537,128707.7313,42861.85046,0.333017,5,MRK{0.757576%} CSCO{48.106061%} VZ{3.030303%} AMGN{37.878788%} IBM{10.227273%} ,
538,128733.4049,42870.16362,0.333015,4,CSCO{48.288973%} VZ{3.422053%} AMGN{38.022814%} IBM{10.266160%} ,
539,128965.1885,42870.6543,0.33242,4,CSCO{48.288973%} VZ{3.041825%} AMGN{38.022814%} IBM{10.646388%} ,
540,129027.3429,42879.45105,0.332328,5,V{0.380228%} CSCO{48.288973%} VZ{3.041825%} AMGN{38.022814%} IBM{10.266160%} ,
541,129133.0171,43013.11456,0.333092,5,MRK{0.760456%} CSCO{48.288973%} VZ{3.422053%} AMGN{38.022814%} IBM{9.505703%} ,
542,129458.4837,43032.27681,0.332402,5,V{0.381679%} CSCO{48.473282%} VZ{3.435115%} AMGN{38.167939%} IBM{9.541985%} ,
543,129906.3,44014.21689,0.338815,4,MRK{17.037037%} CSCO{47.037037%} VZ{0.370370%} AMGN{35.555556%} ,
544,134172.8566,44123.28122,0.328854,4,CSCO{49.803922%} VZ{3.529412%} AMGN{39.215686%} IBM{7.450980%} ,
545,134173.5897,44824.65334,0.33408,5,MRK{0.816327%} CSCO{51.836735%} VZ{3.673469%} AMGN{39.183673%} IBM{4.489796%} ,
546,135934.9468,44942.98123,0.330621,5,WMT{0.408163%} CSCO{51.836735%} VZ{3.673469%} AMGN{39.591837%} IBM{4.489796%} ,
547,138722.5151,45134.25051,0.325356,5,V{0.803213%} CSCO{51.004016%} VZ{3.614458%} AMGN{40.160643%} IBM{4.417671%} ,
548,139042.5996,45266.4907,0.325558,5,MRK{0.803213%} CSCO{51.004016%} VZ{3.614458%} AMGN{40.160643%} IBM{4.417671%} ,
549,139583.9405,45274.44812,0.324353,5,WMT{0.403226%} CSCO{51.209677%} VZ{3.629032%} AMGN{40.322581%} IBM{4.435484%} ,
550,139598.8811,45288.05246,0.324416,5,CSCO{51.417004%} VZ{3.238866%} AMGN{40.485830%} IBM{4.453441%} CRM{0.404858%} ,
551,139809.2604,45437.70708,0.324998,5,MRK{0.806452%} CSCO{51.209677%} VZ{3.629032%} AMGN{40.322581%} IBM{4.032258%} ,
552,140031.0045,45438.22409,0.324487,5,MRK{0.806452%} CSCO{51.209677%} VZ{3.225806%} AMGN{40.322581%} IBM{4.435484%} ,
553,140078.5068,45457.02806,0.324511,4,CSCO{51.417004%} VZ{3.643725%} AMGN{40.485830%} IBM{4.453441%} ,
554,140577.7189,45609.2637,0.324442,5,MRK{0.809717%} CSCO{51.417004%} VZ{3.643725%} AMGN{40.485830%} IBM{3.643725%} ,
555,141077.8491,45630.57417,0.323443,4,CSCO{51.626016%} VZ{3.252033%} AMGN{40.650407%} IBM{4.471545%} ,
556,142334.2546,45727.28417,0.321267,5,WMT{0.404858%} CSCO{51.417004%} VZ{3.643725%} AMGN{40.890688%} IBM{3.643725%} ,
557,143189.1609,46005.9885,0.321295,5,CSCO{52.263374%} MCD{0.823045%} VZ{4.526749%} AMGN{41.152263%} IBM{1.234568%} ,
558,145379.4655,46671.32315,0.321031,5,MRK{0.829876%} CSCO{52.697095%} VZ{3.734440%} AMGN{41.493776%} IBM{1.244813%} ,
559,146501.0045,46880.65193,0.320002,4,CSCO{53.138075%} VZ{3.765690%} AMGN{41.841004%} IBM{1.255230%} ,
560,149212.3868,47070.16646,0.315457,4,CSCO{53.361345%} VZ{0.420168%} AMGN{42.016807%} IBM{4.201681%} ,
561,169161.0894,47369.89094,0.280028,5,MRK{0.921659%} CSCO{43.778802%} VZ{4.147465%} AMGN{46.082949%} IBM{5.069124%} ,
562,171194.0085,47502.29553,0.277476,5,WMT{0.460829%} CSCO{43.778802%} VZ{4.147465%} AMGN{46.543779%} IBM{5.069124%} ,
563,189775.3574,51666.01412,0.272248,2,CSCO{50.000000%} AMGN{50.000000%} ,
564,278025.7234,58551.0965,0.210596,2,CSCO{33.333333%} AMGN{66.666667%} ,
565,349965.5907,64059.03177,0.183044,2,CSCO{20.000000%} AMGN{80.000000%} ,
566,394379.3192,64597.99258,0.163797,2,VZ{11.111111%} AMGN{88.888889%} ,
567,398246.5014,67732.10778,0.170076,2,CSCO{11.111111%} AMGN{88.888889%} ,
568,424611.5335,68232.00452,0.160693,2,VZ{5.882353%} AMGN{94.117647%} ,
569,426713.2022,69891.22797,0.16379,2,CSCO{5.882353%} AMGN{94.117647%} ,
570,441170.1287,70215.25093,0.159157,2,VZ{3.030303%} AMGN{96.969697%} ,
571,442266.2169,71069.96849,0.160695,2,CSCO{3.030303%} AMGN{96.969697%} ,
572,449847.7132,71252.88217,0.158393,2,VZ{1.538462%} AMGN{98.461538%} ,
573,450407.8116,71686.7704,0.15916,2,CSCO{1.538462%} AMGN{98.461538%} ,
574,458805.7275,72322.77673,0.157633,1,AMGN{100.000000%} ,